0, 0.0018318066, 0.007714717, 0.0066736015, 0.009784094, 0.008903965, 0.0096436385, 0.009835983
1, 0.009694723, 0.0030649917, 0.0046626935, 0.0046170778, 0.009500526, 0.0038493872, 5.748873E-4
2, 0.009117846, 0.006684989, 2.8978273E-5, 0.0063802884, 0.003318515, 0.0053885668, 0.005068049
3, 0.004586888, 0.0068808, 0.0037213825, 0.0048688697, 0.007415922, 0.0057183453, 0.00834398
4, 0.0048379516, 0.0027430425, 0.0045854202, 0.0077287653, 0.0010084365, 0.009649899, 0.0014202766
5, 0.0015792606, 0.0017216225, 0.004056414, 0.006728378, 0.0015112271, 0.002200683, 0.0020622215
6, 0.0079020485, 0.0072891833, 0.0042422344, 0.0023464651, 0.0040469104, 0.0036637844, 0.007206471
7, 0.009258327, 0.0016218191, 0.005169985, 0.0045041805, 0.0050763846, 0.0049978215, 1.2287385E-4
8, 0.0018590048, 0.0033230837, 0.008902992, 4.8749466E-4, 0.009765925, 0.0049913204, 0.0016438419
9, 0.001300952, 0.0027719922, 0.0060733375, 0.008980302, 0.0018895295, 0.0024729304, 0.007877825
10, 0.008580141, 0.0012505137, 0.009449298, 0.0012793369, 0.004089964, 0.001657867, 0.0017584846
11, 0.002264831, 0.006033818, 0.007802843, 0.004053895, 0.008925336, 0.0039867046, 0.0035951005
12, 0.0019202364, 0.009386469, 7.691766E-4, 0.0051268064, 5.939347E-4, 0.006079704, 0.0047704848
13, 0.0062416983, 0.0058802464, 0.0042270347, 9.315989E-4, 0.0026530025, 0.007783739, 0.0014448316
14, 0.0044057295, 0.0016185755, 0.0041363775, 9.6842815E-4, 0.0034628306, 0.0068085836, 0.0023375351
15, 0.0031571724, 0.009815869, 0.0021904882, 0.0022128269, 0.008660362, 0.0052204896, 0.004508055
16, 0.00195374, 0.0019077093, 0.0029360207, 0.0012455684, 0.0021176154, 0.00543367, 0.0014346119
17, 0.0098453695, 0.00974761, 0.003953174, 0.005606599, 0.0043863086, 0.0058148517, 0.0020770144
18, 0.0076340428, 0.007932631, 0.0043900697, 0.0010883234, 0.0056906943, 0.0023273062, 0.0012195754
19, 0.008297308, 0.0036754939, 0.0023307113, 0.002710524, 0.007149585, 0.009298009, 0.007695088
20, 0.003722995, 0.007484169, 0.0010080707, 0.005017104, 0.0040214765, 0.003120395, 0.006498179
21, 0.0010253192, 0.00875594, 0.00829871, 0.006806086, 3.3631938E-4, 0.007922763, 0.005408526
22, 4.0628566E-4, 0.00365271, 0.0033983262, 0.0039069857, 0.0011029745, 0.0068781367, 0.009843208
23, 0.004365727, 0.0020233719, 0.0076889424, 0.0075424574, 0.0021784075, 0.0055591157, 0.0037290256
24, 0.0010775231, 0.0026199867, 0.0057147783, 0.005783916, 0.0076179747, 0.0026694294, 0.0049963817
25, 4.204685E-5, 0.0025762562, 0.0052907285, 0.0027091058, 0.005865633, 0.008386258, 0.008712832
26, 0.005332223, 0.0093705505, 0.0042466056, 0.0066572567, 0.0025006232, 0.008554034, 8.121057E-4
27, 0.005432905, 0.0040460993, 0.0027109787, 0.0040219096, 3.5075602E-4, 0.0045379284, 0.0074440953
28, 0.006520488, 0.0070068506, 0.0018110723, 0.0067000855, 0.003457626, 0.0026401698, 0.0050816783
29, 0.0049535045, 0.001846205, 0.008992708, 0.0064233756, 0.0059118913, 0.009111617, 8.822598E-4
30, 0.006614195, 0.008930221, 0.0069842483, 0.004044126, 0.0026627667, 6.9968187E-4, 0.001466538
31, 0.0017061614, 0.009683772, 0.0077152345, 0.008248682, 0.0018322823, 0.004216479, 0.0045283576
32, 0.0056521674, 0.0060027516, 0.009566475, 0.0038558433, 0.0039478587, 0.006495276, 0.0062995856
33, 0.0072424603, 7.254644E-4, 2.891376E-4, 0.0026282668, 0.00916475, 0.0068837805, 0.0074352925
34, 1.0458661E-4, 0.0032151751, 0.0067661824, 0.0065185786, 0.009770264, 0.0063203005, 0.008983419
35, 0.0017838598, 0.0027130297, 0.005823628, 0.0015458482, 0.004906158, 0.0068399278, 0.00470317
36, 0.006069805, 0.0093555115, 0.008601985, 0.0021957918, 0.0010279154, 0.006840511, 0.004391019
37, 6.648134E-4, 0.0032806974, 0.003410163, 0.0013781765, 0.0046743075, 4.56909E-4, 0.00745193
38, 0.001675114, 0.0049229898, 0.0041426565, 0.0030445163, 0.0068725864, 0.0079425415, 0.00529437
39, 0.009907146, 0.0022475005, 0.0022796756, 0.008808317, 0.005532806, 0.001228352, 0.0032581822
40, 0.0037594168, 0.0060011162, 0.0010702726, 0.0013566773, 0.009464685, 0.009437199, 1.1475274E-4
41, 0.0037396958, 0.005231729, 1.1611627E-4, 0.0054954225, 0.004544256, 0.0034202684, 0.0018081585
42, 0.007700115, 0.00715095, 0.001274775, 0.006118454, 0.0050107534, 8.5808075E-4, 0.0068788505
43, 0.005295089, 0.0065164366, 0.005129321, 0.00853709, 0.009263121, 0.0071314233, 0.0068998137
44, 0.0049077254, 0.0034875693, 0.0018485498, 3.025922E-4, 0.005289419, 0.0076766866, 0.009319929
45, 0.0036166518, 0.0056081982, 0.00530749, 0.0067806323, 0.0052399584, 0.005855529, 4.887596E-4
46, 0.009317347, 0.0090551255, 0.008996176, 0.0017724072, 0.0065328768, 0.009682454, 0.009694524
47, 0.0021823102, 0.008768636, 0.009804477, 0.0036006465, 9.504247E-4, 0.0032211402, 0.0049981065
48, 0.004392453, 0.005233187, 0.0075248303, 0.006324925, 0.006287869, 0.009426916, 0.0046723713
49, 0.007307138, 0.00432103, 0.0056091277, 0.008504916, 0.009856126, 0.003319087, 0.0011033985
50, 0.0034286436, 0.003222522, 0.009221288, 0.008198574, 0.0055002132, 0.0011011566, 0.0031495679
51, 0.0066488786, 0.004572596, 0.004651209, 0.009469969, 0.0017396215, 0.008804083, 0.0033813093
52, 0.0039767968, 0.009423968, 0.0035070973, 0.0016013322, 0.0072864657, 0.0053193853, 0.006049753
53, 0.005457039, 0.0015456198, 0.0061981, 0.007321948, 0.004440712, 0.005638124, 0.0010141336
54, 0.008139095, 0.0017103483, 0.0052181645, 0.0034801338, 0.0058804294, 0.009551958, 0.009101728
55, 0.009740463, 0.0026451538, 0.009883943, 0.002816338, 0.0027826952, 0.0012585159, 0.004829503
56, 0.0034389752, 0.009887861, 0.009571239, 0.00907246, 0.007244726, 6.405277E-4, 0.0066695563
57, 0.0039638528, 0.0031437427, 8.029367E-4, 0.00684941, 0.0031610832, 4.0169543E-4, 0.0017031947
58, 0.008507249, 9.583938E-4, 0.008718981, 0.005695664, 0.0054611326, 0.0074068564, 0.0023865178
59, 0.005722431, 0.007639708, 0.008824049, 0.007941029, 0.0010379256, 0.0065629617, 0.008358018
60, 0.00651033, 0.001754461, 0.008587443, 0.008897104, 0.007869162, 0.002024682, 0.0055000284
61, 0.009806646, 0.0031187355, 0.005397595, 0.007718068, 0.00972552, 0.0068582026, 0.006168073
62, 9.015979E-5, 0.009969963, 0.007733865, 0.0073854174, 0.0040905345, 0.0069690333, 0.008331991
63, 0.00959477, 0.0030614445, 0.007595563, 0.0015237114, 0.004355876, 0.009081725, 0.008258361
64, 5.75527E-4, 0.0031168824, 0.0010260482, 0.0071859253, 0.00460654, 0.005116589, 0.0034282047
65, 0.009458837, 0.009303611, 0.0076467413, 0.004873099, 0.006037493, 0.0051982026, 0.0082266815
66, 0.0028159383, 0.0012837645, 0.0022637772, 0.0010258659, 0.008963454, 0.008289636, 1.1015349E-4
67, 0.009215458, 0.0056508062, 0.0077028237, 0.0076313503, 8.3842484E-4, 0.009009155, 0.0036788261
68, 0.004605989, 0.008258235, 0.00914271, 9.0828864E-5, 4.544208E-4, 2.7951042E-4, 0.0010203938
69, 0.001193308, 0.0021243203, 0.0016296305, 0.002336093, 0.0035621587, 0.0039065634, 0.0066485335
70, 0.0062027867, 3.2361265E-4, 0.006875788, 0.0027546429, 0.0072196806, 0.004436166, 0.004605108
71, 0.0045380522, 0.009187791, 0.005104196, 0.0048220404, 0.0011778114, 0.0015482645, 2.7888262E-4
72, 0.0037527725, 0.008288349, 0.009479049, 0.008641534, 0.001044478, 2.7078425E-4, 0.009509325
73, 0.0064663277, 0.008360474, 7.780663E-4, 0.008497502, 0.008323978, 0.004010581, 0.006998601
74, 0.008867326, 0.005714741, 0.009309129, 0.008121214, 0.0071080625, 0.0044086855, 0.009745637
75, 0.009565006, 0.005718471, 0.009523041, 0.0055082557, 0.0023408656, 0.0010106659, 0.0071809427
76, 0.0014176687, 0.0012570978, 4.88758E-4, 0.0029728292, 0.0059091873, 0.0065898416, 0.0038785192
77, 3.8117738E-4, 0.0023433913, 0.0013096357, 0.0013081223, 0.0068312557, 0.0036307184, 0.009988716
78, 6.263519E-4, 0.0010949955, 0.002922996, 0.006109312, 0.0033934985, 0.003402046, 0.008954985
79, 0.0016514314, 0.005691485, 0.008801537, 0.0045115813, 0.0065593002, 0.0055735996, 0.0050700125
80, 4.513989E-4, 0.005968861, 0.0037105302, 0.008775469, 0.005735042, 0.009924398, 0.007588239
81, 0.006984363, 0.005986444, 0.0037206055, 0.0024745292, 0.007537933, 0.009258232, 0.0069770664
82, 0.004294993, 0.00782611, 0.007877156, 0.006085361, 5.453516E-4, 5.517524E-4, 0.009513203
83, 0.0077646943, 0.005416033, 0.0051049045, 0.008946079, 0.0011201509, 0.004416157, 0.0048562116
84, 0.004395345, 0.0018183835, 0.001957924, 0.0039305957, 0.008735538, 0.004778745, 0.0025987388
85, 0.0018367321, 0.0064352336, 0.001123578, 0.0029372154, 7.0484076E-4, 0.0016390177, 0.0010395773
86, 0.0065205595, 0.0078247385, 0.0014539954, 0.0066728466, 0.008544624, 0.0056780647, 0.0012074634
87, 0.008213471, 6.142917E-4, 0.0027230436, 0.0052100075, 0.0019211308, 0.008380636, 8.170942E-4
88, 0.0073883357, 0.0010014867, 0.0064826747, 0.009352058, 0.001044746, 0.008963769, 0.005895323
89, 0.0019287702, 0.0059552034, 3.7320468E-4, 0.008521505, 0.008712136, 0.004035584, 0.0057576178
90, 0.0026652045, 0.006484856, 0.0018857066, 0.0058357553, 8.835621E-4, 0.008857369, 0.009663371
91, 0.0052055675, 0.00863995, 0.00109355, 9.456947E-4, 0.0071639065, 0.008166297, 0.00757615
92, 0.007502589, 0.0094247805, 0.0069917487, 0.0050629186, 0.0062373565, 0.0051615275, 0.004706085
93, 0.0015738024, 0.0029418985, 0.005018958, 0.0047001494, 0.0090015605, 0.008969149, 0.0035247332
94, 0.009861855, 0.007352607, 0.0024429087, 0.0076749404, 0.0025051855, 0.009901817, 0.00520534
95, 0.006377026, 0.009170914, 0.0014845207, 3.4495143E-4, 0.006903969, 3.6160473E-4, 0.00665083
96, 0.0028529835, 0.008546751, 0.0037597832, 4.719133E-4, 0.007723698, 0.0042479117, 0.007027002
97, 0.0024147844, 0.005644124, 0.008157167, 0.0028928353, 0.0028916267, 0.006311418, 7.7076274E-4
98, 0.0049166814, 0.0028416156, 0.0033710622, 0.0035994602, 0.007041578, 0.009017673, 0.0029866975
99, 0.0021557373, 0.0038580531, 0.0015275226, 1.3248147E-4, 0.009458995, 0.0013573727, 0.0056178835
100, 0.0028414251, 3.2650783, 0.009877376, 0.0066925813, 0.004848248, 0.0084651355, 5.6860857
101, 0.006119817, 2.6057718, 0.008225224, 0.0076516676, 0.0055107796, 8.007053E-4, 4.710194
102, 0.009717727, 3.729868, 0.008528624, 0.0036306377, 0.0077585806, 0.0050397827, 5.510481
103, 4.8097788E-4, 3.4943547, 0.008480541, 9.5232093E-4, 0.0068983003, 0.0023570703, 5.02366
104, 0.008353127, 3.2573495, 0.0039120237, 0.008562221, 0.00903779, 0.0068814917, 5.128691
105, 0.009718468, 3.6237345, 0.0016890727, 0.004443011, 0.0050330623, 6.996015E-4, 5.8312654
106, 0.0062331134, 3.297844, 0.0012859554, 0.007629797, 0.005100872, 0.0037039996, 4.7963533
107, 0.0029960067, 3.4452968, 0.00972769, 0.004712426, 0.008994171, 0.0053118546, 5.657446
108, 0.0046142307, 3.898011, 0.008932322, 0.0047698007, 3.0041632E-4, 0.0058590057, 5.980755
109, 0.0058454517, 3.527391, 0.0034207925, 0.0015349094, 0.0032777276, 0.0013915104, 6.035994
110, 0.0060436013, 2.5687146, 3.8660096E-4, 0.0062113367, 0.0056552542, 0.0054213856, 4.6313105
111, 0.0033640435, 3.0635686, 0.007586901, 0.0027101007, 0.008111592, 0.009656737, 4.646523
112, 0.008750239, 4.0599, 0.002957391, 0.0061913827, 0.006769165, 0.0034703498, 6.0847483
113, 0.0034101382, 3.1175716, 0.008346297, 0.006735629, 0.0045487215, 0.008230921, 5.0172896
114, 0.005653093, 3.5281775, 0.0010525893, 0.0070109987, 0.0027112737, 0.009957446, 5.8684487
115, 8.28664E-4, 2.982959, 0.004998783, 0.0020660355, 0.0065460564, 0.003210617, 5.8635936
116, 8.52355E-4, 2.9628224, 0.008442293, 0.005158603, 8.141562E-4, 0.008964552, 4.8810368
117, 0.00839987, 2.9645355, 0.0066638635, 4.0269503E-4, 0.005341907, 0.0019173814, 5.8651276
118, 0.008556992, 3.6632643, 0.009633034, 0.0038248948, 0.007397145, 0.004296604, 5.9490595
119, 5.4785016E-4, 2.7411675, 0.009109283, 0.009137306, 0.0027898825, 0.0075267428, 4.7854204
120, 0.0025638402, 2.6687067, 0.004396556, 0.0019501705, 0.004514666, 0.0064767543, 5.6038938
121, 0.009651962, 4.0904574, 0.00959242, 2.531224E-4, 0.004237348, 0.007055704, 4.557704
122, 0.008222171, 3.486033, 0.001550355, 0.0039180657, 0.001605273, 0.009786587, 4.959113
123, 0.0065766308, 2.5153928, 0.0011357346, 0.008159761, 0.004115634, 0.008341485, 4.153841
124, 8.411498E-4, 2.9285212, 0.004156741, 0.009298321, 0.0049876682, 0.006210483, 6.0044146
125, 4.937416E-4, 3.7068148, 0.0032042167, 0.0010543718, 0.008920927, 3.9502644E-4, 5.659659
126, 0.0027436253, 3.3728156, 0.0021910395, 0.002522029, 0.009595499, 0.0054093376, 5.5206084
127, 0.0036564576, 2.8236904, 0.0032203312, 0.0013877944, 0.009710971, 0.005568137, 5.5382705
128, 0.00662462, 3.5979998, 0.004695303, 0.0011416121, 0.006211936, 0.0062915743, 4.5575547
129, 0.0041519455, 3.4209855, 0.0044297064, 0.0032618863, 0.0058440263, 0.00950691, 5.203628
130, 0.0019917092, 3.646227, 0.008717924, 0.003199008, 0.004275518, 0.005714529, 4.2435455
131, 1.9015801E-4, 2.9728096, 0.006227028, 0.0034546077, 0.0013824379, 0.004518801, 5.9742074
132, 0.008671102, 4.022026, 0.009646853, 0.008232398, 0.008566879, 0.004401129, 4.19449
133, 0.008772222, 2.921673, 0.0057931747, 0.009092893, 0.0075319586, 0.005367756, 4.5497293
134, 0.0015501975, 3.3349376, 0.0075485776, 0.008346198, 0.0067067393, 0.0045787008, 5.3920326
135, 0.006939519, 3.7535338, 0.0066273087, 0.0075685987, 0.0075664097, 7.112106E-4, 5.264337
136, 0.0017560023, 3.6203437, 0.007969233, 5.2176754E-4, 3.228792E-4, 1.4055613E-4, 5.8729753
137, 0.006766462, 3.198094, 0.0038458498, 0.0023874869, 0.0029912686, 0.0034533849, 4.523472
138, 0.004669221, 3.2040346, 0.007449414, 0.005646666, 0.003370217, 0.009517497, 4.533266
139, 0.0040782485, 4.0548663, 0.005747223, 0.004491631, 0.0010436317, 0.004728707, 5.62846
140, 0.0058447504, 0.0072016753, 0.0033306465, 0.004496696, 0.0067749512, 0.0068649664, 0.007570859
141, 0.0030200991, 0.0062618726, 6.089285E-4, 0.009906828, 0.008043007, 0.007533702, 0.0026231776
142, 0.0038184724, 0.0031245113, 0.0018377801, 0.0037441554, 0.005151063, 0.0057804445, 0.0058992994
143, 0.0032662682, 0.008174831, 7.125427E-4, 0.007012501, 0.0013494634, 0.0011503916, 0.006035931
144, 0.008663834, 0.009124378, 0.005925431, 0.002833605, 0.002604146, 0.005441897, 0.004886947
145, 0.0072435415, 3.67017E-4, 0.0076221707, 0.0064546396, 0.0047235093, 0.008372965, 0.008528819
146, 0.0072248946, 0.008140626, 0.0059643006, 0.0038272883, 0.0048611197, 0.004897136, 0.0049829907
147, 0.0013820028, 8.7503257E-4, 0.0034308536, 0.0028339943, 0.009405164, 0.006554812, 0.006118174
148, 0.008369071, 0.0011907589, 0.008469869, 0.0038594806, 0.0013811773, 0.0020505332, 0.0022183065
149, 0.0074412595, 0.0020171194, 0.008414399, 0.004381982, 0.0021461742, 0.005996227, 0.009965934
150, 0.003015397, 0.0050218003, 0.005165376, 0.0031543528, 0.006418479, 0.008720683, 6.2577444E-4
151, 0.008457516, 0.0084296465, 0.0018888253, 0.007434507, 0.0043662544, 0.006024369, 0.0037066797
152, 0.0057138987, 0.008218483, 0.0016157716, 0.009376151, 0.0028943515, 0.007732301, 0.008127657
153, 0.004099088, 0.0057713743, 0.007370448, 0.009646648, 0.0054071895, 0.009075117, 5.1420956E-4
154, 0.0042589745, 0.007580197, 0.00933078, 0.0018330636, 0.008538769, 0.007328707, 0.008930861
155, 0.0042070695, 0.005078558, 0.0069198892, 0.005545287, 0.0010921842, 0.0054389513, 0.009488842
156, 0.0062630344, 0.008314417, 9.4339176E-4, 0.001405283, 0.0041889357, 0.008936922, 0.0028551123
157, 0.008254704, 0.0076119443, 0.0010648357, 0.0016473213, 0.004245107, 0.008316213, 0.0012358743
158, 0.0023139243, 0.00966485, 0.0061239055, 0.0053903963, 0.008966952, 0.0073941196, 0.0013387483
159, 0.005322854, 0.0073281634, 0.007411976, 0.005401921, 9.872515E-4, 0.00814615, 0.007742886
160, 0.0027769262, 0.008062428, 0.008056563, 0.0013511054, 0.003847697, 0.0057786983, 0.0069519514
161, 0.001118219, 0.009444252, 0.002165577, 0.0025389842, 0.009228615, 0.0025027986, 0.0026010145
162, 0.0034346979, 0.0030396085, 0.0013222581, 0.0028257903, 0.0018897137, 0.006827392, 0.0018967661
163, 0.0094323885, 0.006025202, 0.0076769395, 0.00388378, 0.00924591, 0.00933171, 0.004223443
164, 0.0059100017, 0.003985253, 0.0021017722, 0.008954819, 0.0011224068, 0.008126028, 0.005454597
165, 0.008349266, 0.0031592392, 0.005982334, 0.003659886, 2.4881982E-4, 0.006045923, 0.008682768
166, 0.0045792344, 0.004559295, 0.008913408, 0.0029367253, 0.0012173478, 0.0016189589, 0.007891551
167, 0.0012702345, 0.009611656, 0.0023927393, 0.0030477073, 0.0077563096, 0.009587726, 0.0060257176
168, 0.007820803, 0.0041729733, 0.0052692113, 0.0032291138, 0.0020436982, 0.0089928275, 0.0016548927
169, 0.008473918, 0.0073517743, 0.0056412374, 0.0020617063, 3.178856E-5, 0.005543231, 0.007055915
170, 0.00878147, 0.00452977, 0.006286656, 7.3887E-4, 0.005910362, 0.001874861, 4.6401835E-4
171, 0.0022124187, 0.008984009, 0.0071563963, 0.009392314, 0.00507413, 7.8740634E-4, 0.008448666
172, 0.008184661, 0.002691302, 0.0065076877, 0.003313157, 0.003591729, 0.0099837575, 0.0042591016
173, 0.002239237, 0.002806956, 0.0037144546, 0.008933382, 0.004264076, 0.009924107, 0.006240606
174, 0.008315035, 0.008577028, 0.0010032702, 7.737176E-4, 4.498738E-4, 0.006040686, 0.0070314906
175, 0.005855138, 3.6647226E-4, 0.006250215, 0.0064568273, 0.0029744366, 0.0024240483, 0.00900461
176, 0.005429659, 0.004041113, 0.0017965874, 0.0038778775, 0.004402692, 0.004765857, 0.0049018716
177, 0.007955181, 0.0043211537, 0.0059157694, 0.003945394, 0.009738388, 0.004277277, 0.006878671
178, 0.0051729684, 0.0067274226, 0.0052082217, 0.005004814, 0.003912174, 0.00524831, 9.841839E-4
179, 0.00979003, 0.0020316076, 0.0037256933, 0.0090635065, 0.0031225379, 0.0050582257, 0.0047871233
180, 0.00778419, 0.005536341, 0.0068669175, 0.0073383185, 0.006316283, 0.0036973632, 0.009592744
181, 0.007063085, 0.006317192, 0.006194142, 0.0052151326, 0.0026785135, 0.0014120629, 0.0031131392
182, 0.0031246375, 0.005715541, 0.0017639198, 0.009849395, 0.004906689, 0.0035969096, 0.006203372
183, 0.007136496, 0.0035631096, 0.009349002, 0.0036552346, 0.0073754825, 0.009440983, 0.006411006
184, 0.008929521, 0.0020005729, 0.009249796, 0.003694292, 0.0053368215, 0.0058402414, 0.0077216043
185, 0.004296849, 0.008043174, 0.0022154283, 0.0037052932, 0.0010920876, 0.007597093, 0.0068623307
186, 0.0037848502, 0.0037882526, 0.0026415344, 0.00967545, 0.0068728672, 0.004994155, 0.004466106
187, 7.372595E-4, 0.0026543443, 0.007328883, 0.0037599567, 0.0011340713, 0.005242179, 0.0096776
188, 0.0016933212, 0.009653373, 9.54563E-4, 0.008322504, 0.003285797, 0.0036161125, 0.005735821
189, 0.007867447, 9.119996E-4, 0.0058181225, 0.0034160856, 0.0076267114, 0.009750315, 0.009838056
190, 7.414826E-4, 0.0014628463, 0.0049980627, 0.002814928, 0.008905383, 0.0029354529, 0.002756441
191, 0.008206565, 0.0041725608, 0.0030622436, 0.0026312205, 0.0010109345, 0.002111952, 0.0049956627
192, 3.002202E-4, 0.004465571, 9.4002637E-4, 0.008482804, 0.0025661828, 3.359946E-4, 0.009525613
193, 0.00710331, 0.0057437443, 0.0045622205, 0.004718355, 0.002969412, 6.2176684E-4, 0.006253174
194, 8.36781E-4, 0.0068241805, 0.0036973876, 8.0201717E-4, 0.0013883377, 0.0062885648, 0.004895712
195, 0.0072410996, 0.009392519, 0.0013847013, 0.006569154, 0.0058634556, 0.008039588, 0.004402458
196, 0.0072130156, 0.0046084593, 0.007841198, 6.7812286E-4, 0.006038955, 0.0017424665, 0.009915549
197, 0.00791859, 0.001315602, 0.007960969, 0.007598559, 0.00433137, 0.0062156213, 0.0031969827
198, 1.8382193E-4, 1.0185737E-5, 8.01136E-4, 0.002141117, 0.003268006, 0.0017778735, 0.007734473
199, 0.0077619404, 0.009914619, 0.0090027675, 0.0023187958, 0.003961002, 0.0056479317, 0.0067816963
200, 3.095042, 0.0069050295, 0.008150167, 0.0033221657, 0.0020298145, 0.009548569, 0.009458889
201, 2.9616568, 0.007704207, 0.0053934976, 0.004447858, 0.008999297, 0.005840607, 0.005627568
202, 2.9745045, 0.008537029, 0.0027602408, 0.008442335, 0.008779971, 0.0024270215, 0.0064162915
203, 2.9963644, 8.31426E-4, 0.0039113257, 2.7275612E-4, 0.008714135, 0.006172774, 0.0035643766
204, 2.9538023, 0.0034121065, 0.0032236308, 0.002420826, 9.39196E-4, 0.007740958, 0.0059678154
205, 3.0051455, 0.008422714, 0.0020420237, 0.008326412, 0.009311808, 0.009757977, 0.008838501
206, 2.9439964, 0.0030547027, 0.0046806773, 0.0032330463, 0.0058703376, 7.206117E-4, 0.0059286705
207, 2.9613247, 0.0011928277, 0.005664503, 0.001972794, 9.891894E-4, 0.0034255066, 0.009825571
208, 3.0255585, 0.0064204214, 1.0088897E-4, 0.0021627902, 0.0048212307, 0.001135532, 0.008886416
209, 2.9656246, 0.004310087, 0.0044805068, 0.0023703042, 0.0027335647, 0.002413788, 0.0031029345
210, 2.93642, 6.250666, 0.008116925, 0.0021622377, 5.6391253, 0.005685096, 8.934262
211, 3.0657675, 6.2805305, 0.0023699983, 0.005609939, 5.5793934, 0.0060236463, 8.977408
212, 2.9822783, 6.513091, 0.0061649703, 0.0074417205, 6.188877, 3.3195803E-4, 8.985915
213, 2.9837365, 6.9811487, 0.00876237, 0.009182334, 6.5705485, 6.973154E-4, 8.992443
214, 3.0119195, 6.691243, 0.0043642903, 0.0076600937, 6.1071134, 0.0044659446, 9.067347
215, 3.0059476, 6.670396, 0.0032163626, 0.0068653906, 5.650324, 0.0055976626, 9.050921
216, 2.99379, 6.3490634, 0.0061658653, 0.0013968732, 6.182885, 0.0078092185, 8.968585
217, 2.99727, 6.4739347, 0.0010130701, 0.005659267, 5.9291186, 0.0065600253, 9.095401
218, 2.9837413, 6.5493073, 0.0091762915, 0.0013984531, 5.466838, 0.0012926316, 9.073845
219, 2.9845736, 6.479214, 0.009219713, 0.004514502, 5.9042077, 0.0015438732, 8.956841
220, 2.9356303, 6.930132, 0.0020486778, 0.008060956, 5.735101, 0.0064375163, 8.964681
221, 2.9437246, 6.2863765, 0.0036290248, 0.008756928, 5.760044, 0.0016595841, 8.906626
222, 3.0397627, 7.0531483, 0.007225898, 0.004118483, 5.7139645, 0.009974938, 9.011277
223, 2.9806902, 6.673603, 0.009690776, 7.3371385E-4, 6.018305, 0.009192003, 8.972241
224, 3.008117, 6.5757866, 0.0013908305, 0.008143489, 6.8870907, 0.0041525583, 9.070637
225, 3.0783486, 6.888116, 0.0092175985, 0.0011808891, 5.836167, 0.008460979, 9.055148
226, 2.904613, 6.5980167, 0.0054594893, 0.004550127, 7.019432, 2.6351144E-4, 9.035041
227, 3.081997, 6.756176, 0.007675146, 0.0050054146, 6.5737095, 0.007992318, 8.98589
228, 2.9537401, 6.779541, 0.009051298, 0.004854873, 7.0084486, 0.006946468, 9.094061
229, 3.005342, 6.425945, 0.00938356, 0.0029142925, 6.821348, 0.0074318945, 8.918557
230, 2.9776108, 6.8307776, 0.003759968, 0.0072435676, 6.8047657, 0.0035345845, 8.999122
231, 2.9824674, 6.3477464, 0.004309069, 0.007908248, 5.412787, 0.009501086, 9.091103
232, 3.0015593, 6.831806, 0.008871154, 0.006490838, 6.754954, 0.0066752546, 9.076954
233, 2.9880679, 6.271654, 0.0063756136, 0.004855714, 6.910268, 0.0036120673, 9.087353
234, 3.0389905, 7.0057187, 0.0090405615, 0.0031661664, 7.090479, 0.0093232095, 8.918977
235, 2.9569223, 6.424742, 0.009660028, 0.006910494, 6.369462, 0.001554441, 9.049003
236, 3.090156, 6.564754, 0.007938555, 0.0032488916, 6.583517, 4.6598603E-4, 9.0848675
237, 3.003544, 6.775044, 0.0024523265, 0.004638772, 7.0990005, 0.007916423, 8.960139
238, 3.055347, 6.802565, 0.005033399, 0.0068890345, 6.5846868, 0.0012313103, 8.973123
239, 3.0642443, 6.5091248, 0.006185868, 5.517087E-4, 5.9725246, 0.0050695543, 9.012476
240, 3.0247862, 0.006037684, 0.005042627, 0.0074378303, 0.004054833, 0.0047275107, 2.5890855E-4
241, 3.0371406, 0.003726305, 0.0046099667, 0.0019415328, 0.0044364156, 0.0090493765, 0.008741066
242, 2.934972, 0.009713734, 0.0046170466, 9.5597665E-5, 0.0066148103, 0.008676307, 0.0011261797
243, 3.002218, 0.005918347, 4.4812716E-4, 1.0289786E-4, 0.0059443186, 0.0033983411, 0.0042991713
244, 3.0097244, 0.007827527, 0.0074895006, 0.008868346, 0.006058103, 0.008926773, 0.0040228833
245, 3.075326, 7.4589864E-4, 0.0010354681, 0.0012675786, 0.008617224, 8.627515E-4, 0.003576392
246, 2.9847176, 0.0059992718, 0.004544758, 0.0029902153, 0.00939588, 0.009823045, 0.008808204
247, 2.9395084, 0.004158741, 0.009154719, 0.008938074, 0.0026338985, 0.0010827653, 0.0056951996
248, 3.0634086, 0.008211271, 0.006440144, 7.7720627E-4, 0.0011075013, 0.0023884852, 0.006492166
249, 2.9474695, 0.008719132, 3.0595195E-4, 0.004291946, 4.7684228E-4, 0.0073823584, 0.0028939878
250, 2.902261, 0.0018990141, 0.0038902687, 0.0029681264, 0.00458674, 8.9332695, 0.0010844524
251, 2.9840925, 0.0074034175, 0.006984052, 0.009430122, 0.009458886, 8.916643, 8.7182474E-4
252, 2.9718275, 0.0035076418, 3.5339344E-4, 0.0061394316, 0.0077183954, 9.0200815, 0.0026938105
253, 2.9921224, 0.006911068, 0.004951925, 0.0014139594, 0.0059915176, 8.954343, 0.00890269
254, 3.0011084, 0.0046958867, 0.0074205506, 0.0036286882, 0.0011104109, 9.014513, 0.0076816906
255, 2.912485, 0.004522228, 0.005957115, 0.0052014743, 8.0257386E-4, 9.075167, 0.0016134207
256, 3.0647051, 0.00430233, 0.008978963, 0.009662366, 0.0030554703, 8.958533, 0.005174938
257, 3.078861, 4.533422E-4, 0.0075344914, 0.0031453152, 9.044635E-4, 9.009905, 6.573441E-4
258, 3.0104182, 0.0036478247, 0.0034350131, 0.006872082, 0.006911251, 9.03582, 0.007901597
259, 2.9803975, 0.007787599, 0.009376046, 0.0030151948, 0.003927173, 9.066291, 0.0063679037
260, 0.0018500498, 0.0022351092, 0.0066440194, 0.0071324636, 0.007756297, 8.968238, 0.005898808
261, 0.0041374587, 0.0069515174, 0.0098576015, 0.006385607, 0.005621258, 9.009892, 0.0010328452
262, 0.0043423474, 0.0061427373, 0.0023782193, 0.0064153643, 0.0048539527, 9.057111, 0.0038886585
263, 0.009220667, 0.0043886364, 0.007537105, 0.0034846093, 7.817042E-4, 9.093291, 0.005097999
264, 0.0071700015, 0.002834894, 0.0033132415, 0.0011001013, 0.0015638182, 8.9604645, 0.0022318165
265, 0.0098597165, 0.001532269, 0.004344583, 0.0084988, 0.009639675, 8.962542, 5.17311E-4
266, 0.006531563, 0.008379662, 0.007738265, 0.00259694, 0.0022712634, 9.054522, 5.236341E-4
267, 0.0037690632, 0.0018567157, 0.0075529693, 0.0031097468, 0.005730264, 8.965931, 0.0059581893
268, 0.0029798895, 0.0075628418, 0.0050761146, 1.3963607E-4, 0.0070220814, 9.081311, 0.0057357177
269, 0.0014411676, 1.1403683E-4, 9.5388823E-4, 0.0034029968, 0.0014035198, 9.07964, 0.0027129834
270, 0.0045955773, 0.004698115, 0.004385546, 0.005809242, 0.004681375, 9.063561, 0.009939107
271, 0.0054658432, 0.008734039, 0.005683694, 0.0019163917, 0.0042552995, 8.90362, 0.00824163
272, 0.0044103963, 0.0053817914, 0.0023265285, 0.008111428, 0.008382135, 8.917634, 0.008153194
273, 0.0046350583, 0.004639855, 0.0032921978, 0.008622167, 0.0017845288, 9.065256, 0.003279182
274, 4.2195176E-4, 0.0035545921, 0.0015867059, 0.009307604, 0.0070572384, 9.02567, 0.0047962232
275, 0.0059597427, 0.0037404732, 0.00757765, 0.0011786498, 0.0042237225, 9.084937, 0.0046057478
276, 0.003137057, 0.0072660414, 0.0039485944, 0.009979462, 0.0011950783, 8.965133, 0.008086221
277, 0.0042527397, 0.006403643, 0.003803733, 4.223339E-4, 0.0026483082, 9.034221, 0.006834823
278, 0.009298532, 0.0029596533, 0.008446162, 0.0014890163, 0.0023288983, 8.929354, 0.00904179
279, 0.005046453, 0.0020552955, 0.009763196, 0.004348504, 0.0037743924, 9.071868, 0.0050872094
280, 0.0028996842, 0.006098674, 0.0093089, 0.0018026836, 0.004836819, 9.013533, 0.004415508
281, 0.0075980905, 0.004431321, 7.281664E-5, 0.005766051, 0.0061497707, 8.934514, 0.005058727
282, 0.002852604, 0.0039409427, 0.008482648, 0.0030176453, 0.0065362644, 9.0599575, 0.007882497
283, 0.0025917662, 0.006129332, 0.004608796, 0.0013959085, 0.008293707, 8.936532, 0.0058563976
284, 0.005799586, 0.00937433, 0.0067792726, 0.0045200894, 0.005414212, 9.042333, 0.008495619
285, 0.0050956802, 0.005145697, 0.0023724406, 0.0048678084, 0.005530466, 8.987752, 0.0038841306
286, 0.008058811, 0.0072869714, 0.0074408334, 0.005394735, 0.0032235694, 9.076207, 1.6809521E-4
287, 3.1370533E-4, 6.792647E-4, 7.837504E-4, 0.0022805515, 0.0032917364, 8.948803, 0.0070384736
288, 0.001062494, 0.0030335507, 0.007875432, 0.0040891008, 1.4477374E-4, 8.940261, 0.0065842164
289, 0.0048420825, 0.007249147, 0.006624791, 0.006619371, 0.0042546554, 8.93324, 0.008279539
290, 0.0038328846, 0.006453443, 0.004268105, 0.004728666, 0.0062780916, 9.017043, 0.006267925
291, 0.0033805994, 0.007189741, 0.002003656, 0.009231499, 2.74544E-4, 9.045196, 0.006242576
292, 0.0059727146, 0.0016004903, 0.009895755, 0.0044136695, 0.006382293, 9.062594, 0.0068251817
293, 0.0032492345, 0.0019006801, 0.0069103907, 0.0010778368, 0.007322945, 8.9636345, 0.009641245
294, 0.007714533, 0.008078342, 0.009454234, 0.007556684, 4.6453587E-4, 9.008806, 0.0028553165
295, 0.0014402873, 0.0023602338, 0.008534173, 0.009903502, 0.008929043, 8.992505, 0.0076926416
296, 0.0051390864, 0.0025790292, 0.00718069, 0.0043130303, 0.008978215, 8.922699, 0.0014042072
297, 3.2567783E-4, 0.0028440712, 0.007570718, 0.008570571, 0.006541726, 8.973995, 0.0032935415
298, 0.009566665, 0.0010539748, 0.007636675, 0.004603004, 0.0023928194, 8.99076, 0.0027818992
299, 0.004291317, 0.007482426, 0.008553611, 0.0043088337, 0.0010949322, 8.984131, 0.0010427989
300, 0.009145898, 0.0017829976, 0.0017871987, 0.0055339816, 0.008623752, 8.977645, 0.0042317826
301, 0.005455966, 0.0041613206, 0.0067948657, 0.0037699773, 4.0364327E-4, 8.911097, 0.002000874
302, 0.007079479, 0.0055435826, 0.0025168643, 0.003328692, 0.0015808099, 9.005986, 0.003428985
303, 0.008940229, 0.0017202373, 3.933666E-5, 0.0076911002, 9.39589E-5, 8.962662, 0.009087237
304, 0.0069720177, 9.3443925E-4, 0.008483926, 0.0054990025, 0.0012102602, 8.912461, 0.0076823174
305, 0.007790494, 0.0047807656, 0.0013640122, 0.005327387, 0.009048751, 9.006116, 0.0057418603
306, 0.009166751, 0.004707138, 0.0017129303, 0.0010369392, 0.0016349116, 8.915059, 5.6574104E-4
307, 0.0022596996, 0.0016884151, 0.008344894, 0.009212543, 0.0030199785, 9.0492325, 0.009638894
308, 0.008329043, 0.0094595365, 0.0065216217, 0.006109487, 0.004075503, 9.05359, 0.008529481
309, 0.0045474283, 0.008761758, 0.005948167, 0.007329215, 0.005527982, 8.901389, 0.008278334
310, 0.008077985, 0.0042153387, 4.833561, 0.007143042, 0.005370212, 8.981504, 0.0068239584
311, 0.0068705324, 0.0025869627, 5.165392, 0.0024689396, 0.0035639505, 9.078302, 0.0038532855
312, 0.0022743728, 0.008945036, 6.238434, 0.008487823, 0.009270985, 8.949292, 0.0032666568
313, 6.554091E-4, 0.008707904, 6.871521, 0.007949812, 0.006279994, 8.940691, 0.0072732354
314, 0.009223932, 0.007882812, 5.248215, 0.006001604, 0.004928235, 9.050897, 0.004416795
315, 0.0072161886, 0.002447493, 7.0207253, 0.008426266, 0.0088562425, 8.985943, 0.0012132102
316, 0.007097665, 0.0011886867, 6.8256803, 0.0030440018, 0.0066906274, 8.943285, 0.006487753
317, 0.004230109, 0.006428427, 5.6576138, 0.0032242953, 0.006359424, 8.982539, 0.006869429
318, 0.009324303, 0.0019409686, 4.721712, 4.0417802E-4, 0.008624175, 8.99956, 6.839523E-4
319, 0.008081747, 7.8392343E-4, 6.5092573, 0.0043908902, 0.0056543066, 9.080377, 2.6707226E-4
320, 0.0035592532, 0.00918546, 3.5177221, 0.004691879, 0.0010436499, 8.937564, 0.0029274176
321, 0.0043797167, 1.7229501E-4, 6.1543417, 0.009850974, 0.008519024, 9.017319, 0.009737163
322, 0.008535322, 0.0055979025, 4.7355375, 5.1878E-4, 3.6680553E-4, 8.964178, 0.0024383182
323, 0.009029886, 0.0061137676, 6.859352, 0.004080126, 0.008986983, 9.035408, 0.004027965
324, 0.009076626, 0.0047369567, 4.4322324, 0.0044171894, 0.0062345583, 9.091378, 0.0041210568
325, 7.7384646E-4, 0.0014023558, 6.6799235, 3.5679658E-4, 0.009750112, 9.0215645, 0.009631159
326, 7.0110726E-4, 0.0015972011, 3.3681312, 0.003638389, 0.0050431024, 8.98022, 9.1920106E-4
327, 0.005384689, 0.0034275919, 4.9225597, 0.0037525534, 8.742696E-5, 8.990589, 0.009692642
328, 0.004410204, 0.006654658, 3.4065752, 7.1385E-4, 0.008730774, 8.935532, 0.004443865
329, 0.008287344, 0.0061567593, 5.148021, 0.006820581, 0.004325227, 9.066508, 0.005468961
330, 0.007796695, 0.007489458, 5.356148, 0.0066387733, 0.004245928, 9.054953, 0.0034248347
331, 0.009489779, 0.0027330418, 6.186241, 0.0076875985, 1.04792554E-4, 9.016335, 0.0040289485
332, 0.006792175, 0.009748375, 4.3943286, 0.0076570394, 0.00795346, 9.094684, 0.008524416
333, 0.0048448956, 0.0065625617, 5.549307, 0.0056476304, 0.008763813, 8.913059, 0.0038504326
334, 0.009991829, 0.00626976, 3.2231207, 0.0055166683, 0.0011469659, 8.979903, 4.0193636E-4
335, 0.0050004786, 0.0032861773, 6.41222, 0.0030714483, 0.0016805959, 9.007891, 0.008407238
336, 0.004272277, 0.0069494247, 4.221506, 5.710122E-4, 0.006619737, 8.905001, 0.0027021882
337, 0.0063443165, 0.0070214663, 5.0315304, 0.0056256414, 0.0014562357, 8.97167, 0.0087839365
338, 0.0015635008, 0.0039113495, 5.4087563, 0.0047875475, 0.0011784222, 8.947983, 0.007912659
339, 0.0019403993, 0.0050466675, 5.9528522, 0.009551432, 0.0020088004, 9.00897, 0.0010157457
340, 0.005321952, 0.0050138016, 0.00244791, 0.005376537, 0.0072944886, 9.09056, 0.007309715
341, 0.009225836, 0.0069802343, 0.009157274, 0.0046656574, 0.007933366, 8.983058, 0.005167989
342, 0.005121518, 0.001140141, 0.009807508, 0.0038679224, 0.0064858277, 9.08209, 0.0049793706
343, 0.0011610953, 0.009254737, 0.005551832, 0.0023636045, 0.008469424, 9.034033, 0.008301862
344, 0.0054434044, 0.008283788, 0.0027824643, 0.003767318, 0.0031776174, 8.91906, 0.0041089063
345, 0.008881655, 0.008028388, 0.0083000725, 0.007243147, 0.0019584373, 9.084583, 0.0062978477
346, 0.0022852377, 0.0075466945, 0.0022136997, 0.007850312, 0.0068506165, 8.90487, 0.0033252626
347, 0.0036890642, 0.0038265851, 0.0032264749, 1.8332055E-5, 0.001333653, 9.05759, 0.0031206773
348, 0.0086726565, 0.0049571665, 0.008133332, 0.0033667036, 0.0013576135, 9.095919, 0.0041973824
349, 6.6450716E-4, 0.007333389, 0.0010557296, 0.0046031023, 0.0027448097, 9.067076, 0.005324702
350, 0.008060904, 0.007821732, 0.004391442, 0.0062997295, 0.007954978, 8.983393, 0.0034838724
351, 0.0032276323, 0.006501309, 0.0073608817, 0.0080462545, 0.007384146, 8.969598, 0.0034491438
352, 0.0064457823, 0.0062213945, 0.00523955, 0.009955442, 0.0054049287, 9.075544, 0.006124512
353, 0.009755897, 0.0021285748, 0.003044536, 0.0032793966, 0.009667767, 8.998238, 0.0061908527
354, 0.008717881, 0.0025282165, 0.003316585, 0.0058587403, 0.009472802, 9.067874, 0.0061431797
355, 0.008801937, 0.009346222, 0.0041597295, 0.00926209, 0.0035774289, 8.957911, 0.0028386437
356, 0.009315067, 4.558057E-4, 0.007636122, 0.007738196, 0.0012587024, 9.069547, 0.0018181675
357, 0.006594162, 0.0011116868, 0.0037612312, 0.0044024587, 0.007840381, 8.991241, 0.0010974583
358, 0.008948365, 0.009387461, 0.0037426099, 5.438259E-4, 5.193785E-4, 9.010167, 9.2002214E-4
359, 0.009193435, 0.0023387491, 0.009322031, 0.008396313, 0.0010959634, 8.971904, 0.0020307053
360, 0.008456944, 0.0024880997, 0.009831679, 0.003430982, 0.0058779656, 0.0038838603, 0.00922204
361, 0.005939428, 0.008191936, 0.003118079, 0.0066306517, 8.6296577E-4, 0.0071135517, 0.009032119
362, 0.0035190498, 0.0055587254, 0.008926815, 0.007649027, 0.008478829, 0.0036639415, 0.006528136
363, 0.001406054, 0.0012919424, 1.6010666E-4, 0.004774831, 0.007295701, 0.008170699, 3.5006233E-4
364, 0.0038060923, 0.0016121005, 2.517532E-4, 7.0365286E-4, 0.0020835437, 0.007407792, 0.0052796775
365, 0.009967021, 0.0020410956, 0.005736636, 0.009339573, 9.325797E-4, 0.006438891, 0.0032918055
366, 0.0014844639, 0.0068311538, 0.0027837039, 0.0071435124, 0.009152085, 0.0014347159, 0.0065082354
367, 0.0019393234, 0.0063769664, 0.008647626, 9.94331E-4, 0.0061506163, 0.00997758, 0.0056162137
368, 0.003980215, 0.0017319456, 0.0011346076, 0.0032009971, 0.0054094284, 0.005905772, 0.0010752537
369, 0.0090328045, 0.0013592124, 0.0046932297, 0.009939818, 0.0013134906, 0.0023286901, 0.0052822963
370, 0.0073306034, 0.0060239113, 0.0018722438, 0.00835794, 0.0015295396, 0.0062662764, 0.0033310864
371, 0.0021145213, 0.0019197396, 9.492707E-5, 0.008246094, 0.0068289214, 0.0057575437, 0.0023790777
372, 0.009927546, 0.0025935923, 0.0061154133, 0.006992976, 0.009612499, 0.0030919, 0.0025523806
373, 0.007943416, 6.5809645E-4, 0.0051438585, 0.009867588, 0.001921474, 0.008299194, 0.0071585416
374, 0.0031537693, 2.048059E-4, 0.008641271, 0.009600169, 0.009291357, 0.004838784, 7.646408E-4
375, 0.0071080625, 0.0060102446, 0.0025892113, 8.360629E-5, 0.005006379, 0.00969502, 2.8630317E-4
376, 0.009434234, 0.002597713, 0.0022208698, 0.0068690805, 0.006757025, 0.0018553897, 0.0052811317
377, 6.912715E-4, 0.0046958285, 0.002912447, 0.00790383, 0.0054642656, 0.007951937, 0.007091027
378, 0.009153347, 0.0045896303, 0.008812359, 0.004124091, 0.0033747186, 0.0015731418, 0.009913854
379, 0.0026920745, 0.009761852, 0.003714235, 0.006009403, 0.0024303156, 0.001517326, 0.0073292432
380, 0.0032713397, 0.0011587676, 0.002420213, 0.0053937356, 0.005495475, 0.0032437374, 2.2974877E-4
381, 0.0026787207, 0.001463105, 0.0037220742, 0.0070264465, 0.009207442, 0.006672875, 0.008101449
382, 0.006328627, 1.7393685E-4, 0.0056720623, 0.009596059, 0.00562113, 0.009341481, 0.008296899
383, 0.0039653005, 7.943257E-4, 0.0033785135, 0.004274149, 0.007093655, 0.0059153545, 0.0065915575
384, 0.005841229, 0.0019832365, 0.007739866, 0.009079141, 0.0073097334, 0.009926149, 0.009421343
385, 0.0064576413, 0.0038273125, 0.00528201, 0.0019864338, 0.005999462, 0.00898542, 0.0045066965
386, 0.0053185425, 0.0022758774, 0.0023755392, 0.007861575, 0.0026282547, 0.005211345, 0.0037140558
387, 0.0065781767, 0.0036879978, 0.004833047, 0.009736039, 0.0091614835, 0.002469675, 0.009938854
388, 0.0037007646, 0.007985702, 0.0042478302, 0.0024088798, 0.0050568976, 0.0013695844, 0.005717237
389, 0.0049502347, 0.00858281, 0.00691409, 0.009222623, 0.0076915394, 0.008147623, 0.009043349
390, 0.008809579, 0.008233226, 1.311049E-4, 0.00741062, 0.0014795306, 5.115875E-4, 0.005495654
391, 0.0031141306, 0.0017679601, 1.4900646E-4, 0.0075211776, 0.006513374, 0.0015639269, 0.007839741
392, 0.0042937347, 0.0038446714, 0.009950229, 0.007760091, 0.0011814126, 0.009805483, 0.009767399
393, 0.00499374, 0.008735971, 0.009810167, 0.00859105, 0.0045274957, 0.0057263686, 0.008715592
394, 0.0018609059, 0.004499632, 0.00534037, 0.0024732042, 0.005011195, 0.008072468, 0.0049829977
395, 0.0053848503, 0.009625902, 0.0015527843, 0.0065556867, 0.008422883, 0.005878709, 0.0011981168
396, 0.0046175676, 0.0034207425, 0.009816263, 0.007523947, 0.00441038, 0.0038484405, 0.009404782
397, 0.0038662294, 3.7110838E-4, 0.005358073, 0.0076837894, 0.0054556685, 0.008461498, 0.008317671
398, 0.004857114, 0.006324614, 0.0024111893, 1.4742032E-4, 0.0037001418, 0.003994379, 0.0048013013
399, 0.007430486, 0.004273597, 0.006080258, 0.008807843, 0.0064913626, 0.0046079843, 0.008703459
400, 0.0053794435, 0.006417895, 0.0037591388, 0.003913629, 0.0036414473, 3.4880074E-4, 0.0024341722
401, 0.0022025981, 0.009398505, 0.00925674, 0.004248414, 0.0066294223, 0.007750376, 0.0074276794
402, 0.007597787, 0.007078762, 0.0010407163, 3.7048772E-4, 0.004117382, 0.006739076, 0.002626236
403, 0.0039864285, 0.004745828, 0.00801408, 2.836572E-4, 0.008486392, 0.008526365, 0.0017703561
404, 4.6449556E-4, 0.0017644288, 0.0024493868, 0.0020759606, 0.006062771, 0.0047193454, 0.0028775104
405, 0.008399333, 0.0058783237, 0.005361822, 3.93097E-4, 0.008614752, 0.0035384854, 0.009452724
406, 2.6943983E-4, 0.009100056, 0.0072834515, 0.0028889715, 1.9069102E-4, 0.0027142647, 0.009725759
407, 0.0050865435, 0.005331911, 0.001507243, 0.00846186, 0.0032058903, 0.008459464, 0.008640449
408, 0.0042438703, 0.004223236, 0.0093232915, 0.0031872916, 0.0033121216, 0.005571947, 0.003286461
409, 0.0022335723, 0.004444262, 0.0053613624, 0.0038736626, 0.0070129307, 0.009294193, 2.6162259E-5
410, 0.0077192057, 0.0036891757, 0.006674238, 6.6757365E-4, 0.0032563666, 0.004836824, 0.007576484
411, 0.009318409, 0.0064137676, 0.0046731443, 0.007934352, 0.002897126, 0.0075708106, 0.009659429
412, 3.930031E-4, 0.0057118265, 0.0040730014, 0.006216194, 0.0046872715, 0.0010332756, 0.0017193359
413, 0.008986441, 0.008618405, 0.00847677, 0.0068077515, 0.006333091, 0.008075953, 0.0067158514
414, 0.0075609647, 0.0045711184, 0.005068743, 3.965881E-4, 5.3849326E-5, 0.008811913, 0.007308931
415, 0.0060293293, 0.009124845, 0.006236806, 0.0015357409, 0.004105567, 0.0091777025, 0.0071186717
416, 0.0054705236, 0.003720714, 0.003266198, 0.00997498, 6.239932E-5, 0.0015793325, 0.0014033022
417, 0.009862596, 0.004513791, 0.009417541, 6.4757804E-4, 0.0030141096, 0.001467748, 0.002598031
418, 1.934477E-4, 0.006767406, 0.008694038, 0.007916321, 0.00442827, 0.0010546604, 0.0066285557
419, 5.02606E-4, 0.005718012, 0.006593875, 0.008200683, 0.008111719, 0.0065446245, 0.0053655473
420, 0.008525809, 0.0060644713, 0.007542053, 9.589987E-4, 0.0072453013, 0.0076368037, 0.0039641503
421, 0.00993735, 0.0055637793, 0.0027889065, 0.008166587, 4.9708557E-4, 0.0033636608, 0.0027846643
422, 0.009796171, 0.0013876014, 0.009169474, 0.009472475, 0.008554838, 0.002308076, 0.0071895574
423, 0.005781713, 0.0066418676, 0.0068134703, 0.0011803113, 0.0083347885, 0.0092767645, 1.384076E-4
424, 0.004458267, 0.003982983, 0.0020665012, 0.0072871353, 0.009027802, 0.009544918, 0.0034047014
425, 0.0012397352, 0.00449742, 0.008059738, 0.008576659, 0.0071891802, 0.009225074, 0.0054627787
426, 0.009792892, 0.0063508213, 0.001963121, 0.008749703, 0.0029852982, 0.002075306, 0.0021660335
427, 4.157856E-4, 0.007873762, 0.0017479068, 0.001079113, 0.004240229, 0.002547438, 2.7168775E-4
428, 0.0037439913, 0.004331105, 0.0076037208, 0.0048088757, 0.004136814, 0.0027547062, 0.007749277
429, 0.005894279, 0.0017975573, 0.0010438082, 6.913099E-4, 0.007036528, 0.008514022, 0.0074125356
430, 0.004133579, 0.0034873788, 0.007891617, 0.0046012383, 0.0017405181, 9.862692E-4, 0.008970119
431, 0.0029329737, 0.008044117, 0.0069767707, 0.0074412036, 0.00938391, 4.4206777E-4, 4.3531334E-5
432, 0.004475565, 0.0062531596, 0.0036720037, 0.008132757, 0.0036860814, 0.0023632469, 0.008445485
433, 0.002496241, 0.0013335157, 0.0056306426, 0.0012867099, 0.002238386, 0.0035238427, 0.00831647
434, 0.0070447717, 0.0038476402, 0.0068513635, 0.0053007165, 0.009034589, 0.0011581964, 0.0057093464
435, 0.0013189622, 0.0043104882, 0.003814779, 3.2001798E-4, 0.0052588764, 0.0031877216, 0.006502783
436, 0.004428295, 0.008334394, 0.0028010579, 0.0069579855, 5.587381E-4, 0.008238712, 0.004225884
437, 0.008084505, 0.0037527743, 0.003222958, 0.0014861088, 0.008386636, 0.0017833281, 0.008455546
438, 0.008634466, 0.005359641, 9.865602E-4, 0.0019879956, 0.008014665, 0.008486526, 0.0020555113
439, 0.009186132, 0.008801139, 0.0020523053, 0.00940801, 0.0025813421, 0.009960997, 0.0031141632
440, 0.0010712924, 0.008754726, 0.005894091, 0.006655445, 0.0034183513, 0.005087702, 0.006180948
441, 0.008203289, 0.006546122, 0.0069958395, 0.0031046474, 0.00400422, 0.0016031739, 6.0836115E-4
442, 0.0019115445, 2.2894864E-4, 9.5467427E-4, 0.006763997, 0.009137076, 0.005617083, 0.0057149474
443, 0.009664558, 0.0037467058, 0.006474414, 0.0028830536, 0.0075607924, 0.0043284027, 0.008999878
444, 0.006084368, 0.003440815, 0.0031218664, 0.0015462762, 0.009751238, 8.495745E-4, 0.004281044
445, 0.008608254, 0.0064683547, 0.0036885517, 0.009440319, 0.00908302, 0.0011635761, 0.009128067
446, 0.008391065, 0.0036637275, 0.0038424968, 0.009610288, 0.006474097, 1.0239294E-4, 0.004645147
447, 0.0033292314, 0.0031548843, 5.186873E-4, 0.0011457818, 0.0025447486, 0.008172202, 0.0019328783
448, 0.008021798, 0.0056206957, 0.0026372361, 0.009765664, 0.0034853958, 0.0017731885, 0.002508997
449, 0.0041745896, 0.0052016717, 0.007173048, 9.831906E-4, 7.861791E-4, 8.094278E-4, 0.0072672395
450, 0.0045055677, 6.34897E-4, 0.0046160333, 0.0029673204, 0.0043570613, 0.008934472, 0.0025552772
451, 0.007698605, 0.0020568757, 0.008684093, 0.0020772133, 0.008211968, 0.002191006, 0.0030514374
452, 0.0022815827, 0.004530901, 6.9750467E-4, 0.009976423, 0.0023114777, 0.003439654, 1.2612564E-4
453, 0.0035040714, 0.0027914857, 0.0055139707, 0.005938822, 0.008981774, 0.0059246356, 0.007854166
454, 0.009528887, 0.0034457406, 0.0047550383, 0.0034009684, 0.004310364, 0.008273354, 0.0010582011
455, 0.0029977565, 9.656741E-4, 0.008492591, 0.004338568, 0.008208543, 0.006738251, 0.00201666
456, 0.0014939157, 0.0013092356, 0.0015182769, 0.0025114086, 0.007848815, 0.0038404202, 3.9346286E-4
457, 0.0016050582, 0.005464451, 0.006643124, 0.008323142, 0.009714239, 0.003899653, 0.0023946976
458, 0.0076427613, 0.0098872725, 0.0019280995, 0.006320176, 0.0032171889, 0.005755087, 0.0061092
459, 0.0019751764, 0.0032350991, 0.0029321185, 0.0035652665, 0.0067795883, 0.005872999, 0.0030239976
460, 0.0018351463, 0.006327027, 0.0033563054, 7.75767E-4, 0.0082545765, 0.007403205, 0.005306208
461, 0.007833843, 0.004956094, 0.007117109, 0.002684876, 0.0010968763, 0.0032864083, 0.009582032
462, 0.0021378978, 0.009695121, 0.0032067364, 0.0021792618, 0.008081673, 0.0022648857, 0.009071664
463, 5.953771E-4, 0.0064948015, 0.0053740744, 0.0030746777, 0.005544865, 4.6343695E-5, 0.0047067944
464, 0.0016035981, 0.0043729153, 0.008930148, 0.0029294544, 0.0077667143, 0.0075789983, 0.0055732853
465, 0.0020377308, 0.0054305024, 0.0037100138, 0.0042479397, 0.0034232298, 0.0062523843, 0.0060425
466, 0.008539948, 0.0059006326, 0.0013970727, 0.0010066082, 6.134926E-4, 5.0055975E-4, 0.003892603
467, 0.0014002403, 0.006260305, 9.603417E-4, 0.005912265, 0.007099951, 0.008833036, 5.343431E-4
468, 0.0076611894, 0.0021959273, 0.0033362969, 0.008997434, 0.0010014495, 2.6154934E-4, 0.009185201
469, 0.008529655, 0.001467104, 0.008813751, 0.006440056, 0.0035470887, 0.0069006826, 0.009928594
470, 0.005687193, 0.0074833804, 0.009585207, 0.006447179, 0.0061597372, 0.009028322, 0.0014509045
471, 0.0022402047, 1.78474E-4, 0.0013943673, 0.00870335, 5.952221E-4, 0.0045417547, 8.0887985E-4
472, 0.0030498751, 0.006948789, 0.0011047623, 0.0046193968, 0.0015936092, 9.064758E-4, 0.009462242
473, 0.005151118, 0.006419663, 0.007776845, 0.00438516, 0.0027702986, 0.007915479, 0.0016912522
474, 0.009460555, 4.8417685E-4, 0.0029474986, 7.895033E-4, 0.006245222, 0.00284751, 1.5884229E-4
475, 0.009922116, 0.005167615, 0.0039477586, 0.009857804, 0.007853134, 3.987858E-4, 0.002805402
476, 0.00523451, 0.004043137, 0.005961913, 0.009652827, 0.004973207, 0.0047503207, 0.0044613597
477, 0.0032446808, 0.004720172, 0.00940817, 0.002986, 0.0076045366, 0.006322372, 0.006021527
478, 0.0029778993, 0.006427172, 0.00926954, 0.008668476, 0.0021562462, 0.004732707, 0.008352422
479, 0.0011037494, 0.006947771, 3.0831285E-4, 0.005192529, 0.007929994, 0.003298713, 0.0019751508
480, 0.0090038115, 0.008836489, 0.0022297234, 0.007782648, 0.0037142509, 0.002000585, 0.0040439256
481, 0.0038591763, 0.004405419, 0.009905341, 0.0017096726, 0.0038376588, 0.0059206737, 0.0045475475
482, 0.009613378, 0.009526565, 4.4770358E-4, 0.009293517, 0.008614123, 0.005811226, 0.008898725
483, 0.0014857287, 0.002130567, 0.006647347, 0.0029917213, 0.0033116217, 8.520235E-4, 0.0044480427
484, 0.0010786718, 0.008416534, 0.00558938, 0.0021676836, 9.718183E-4, 0.008275979, 0.008767885
485, 0.0059502907, 0.0072865807, 0.00543816, 0.00511264, 0.006337164, 0.009149813, 4.0583903E-4
486, 0.0011889628, 0.0077178925, 0.0065146782, 0.0051473468, 0.0016336287, 0.008960839, 0.009778484
487, 0.0090097645, 0.0071493136, 0.0029736517, 0.0079174135, 0.0021529768, 0.005633389, 0.0093212975
488, 0.004932161, 0.0075315167, 0.0031735569, 0.0019685891, 0.003041043, 0.004921827, 0.006066635
489, 0.003716093, 0.003762261, 0.00952575, 0.008503129, 0.009962798, 0.004794552, 0.0032767842
490, 0.0031090637, 0.0070558493, 0.001435545, 0.009133827, 0.003147862, 0.00467712, 0.0061697178
491, 0.00736784, 0.0058588996, 0.0074683414, 0.009012938, 0.008130072, 0.0061456896, 0.008410961
492, 0.00421813, 0.006436177, 0.008625467, 0.0053538703, 0.006026709, 0.004108769, 0.003913296
493, 0.0025215566, 0.0072929855, 0.008191658, 0.0019376173, 8.372464E-4, 1.3829733E-5, 0.0068822177
494, 0.00107052, 0.0044599962, 0.006063463, 0.0021240304, 0.0069048125, 0.006061691, 0.009763319
495, 0.0026601667, 0.008621326, 5.93323E-5, 0.0013094958, 0.0025681593, 0.0040636878, 0.0012699692
496, 0.0015353963, 0.008080925, 0.006874154, 0.0062700664, 0.0040047476, 0.009843603, 3.4289382E-4
497, 0.0061180657, 1.0237144E-5, 0.008664475, 0.0029844653, 0.0020383424, 0.0056956154, 2.8883762E-4
498, 2.7904392E-4, 1.6671974E-4, 0.00822417, 0.008757895, 0.0055022887, 0.0075221495, 0.009684062
499, 0.008510454, 1.16567826E-4, 0.008996126, 0.0032511007, 0.0025433986, 8.0758677E-4, 0.0043408517
500, 0.0060220915, 0.007667625, 0.005924291, 0.00488912, 0.0068869954, 0.008179318, 0.0088162515
501, 0.0020533525, 0.00582569, 0.0061121723, 0.009361551, 0.0035281521, 0.003095225, 0.009644326
502, 0.007839543, 0.008560214, 0.0029160266, 0.001204528, 0.007226659, 6.513762E-4, 0.0064705852
503, 0.003355217, 9.797812E-4, 0.004625037, 0.0032957487, 0.0036259189, 0.0034205266, 0.005113149
504, 0.00847981, 0.009128571, 0.008945106, 0.005210411, 0.005468164, 0.008007074, 0.004458264
505, 0.0072942674, 7.363827E-4, 0.0075565884, 0.0066661187, 0.0028237614, 0.007107135, 0.008193778
506, 0.0021615648, 0.0043072435, 0.007067463, 0.008367432, 0.0035972134, 5.683904E-4, 0.0060854917
507, 0.007969572, 0.009664688, 0.0059419437, 0.008630741, 0.0068403743, 8.541398E-5, 0.0050950316
508, 0.00636978, 5.5592746E-4, 0.009366857, 0.007796888, 0.008839033, 0.007846064, 0.0046895295
509, 0.0021492317, 0.001789152, 0.0027101878, 0.0039638686, 5.415385E-4, 0.0073504173, 0.009582235
510, 0.00983244, 0.009909867, 0.0031862184, 0.001741614, 0.0041917576, 0.0067548775, 0.0048817554
511, 0.001575155, 0.00566932, 0.007814114, 0.0069576674, 0.0062658233, 0.009415294, 0.009285593
512, 0.0031033694, 0.0040171375, 0.0045546256, 0.0010641781, 0.0054924707, 0.0040179477, 0.009694149
513, 0.007579183, 0.006372718, 0.008010425, 9.906378E-4, 0.0035111008, 0.0025154797, 0.00254482
514, 4.5952818E-4, 9.1729313E-4, 0.004564876, 0.008787755, 0.0044403966, 0.0041109547, 0.008844236
515, 0.0010965033, 0.0034341025, 1.4593178E-5, 0.008757625, 0.00647993, 0.0048878198, 0.0046487353
516, 0.006566797, 0.004537468, 0.009928025, 9.185174E-4, 0.004028966, 0.001500685, 0.0035278306
517, 0.00892527, 0.0021483982, 0.00259774, 0.0051438697, 0.0076571675, 0.0061248853, 0.0041191876
518, 0.003469301, 0.00610245, 0.001474759, 2.8432603E-4, 0.004623281, 0.0025807011, 0.0012551554
519, 2.9046854E-4, 0.007833624, 0.0034020972, 0.0023398465, 0.007773227, 0.0064681736, 0.0058415094
520, 7.750117E-4, 0.0083141, 0.0051317345, 0.0058537875, 0.0023859113, 6.023598E-4, 0.005469273
521, 0.007958508, 0.005010502, 0.0033914337, 0.0043023736, 0.0032869314, 0.003003605, 0.0034856882
522, 0.0077748164, 0.0019108419, 0.0029853252, 0.009651708, 0.0042944313, 0.0072624334, 0.0021999928
523, 0.0035688886, 0.007232233, 0.0037063207, 0.0073069725, 0.0017173451, 0.0055761645, 0.0031392355
524, 0.0019422767, 0.0014468532, 0.007035602, 0.0028699038, 0.0059699817, 3.787407E-4, 0.0034541055
525, 0.0049710646, 0.007985036, 7.633455E-4, 0.00281172, 0.0067975353, 0.0053341193, 0.009448865
526, 0.00558448, 0.0034286892, 0.0026888011, 0.009713125, 0.0057775676, 0.0054206536, 0.0010353031
527, 0.0033679889, 0.008559937, 0.009443006, 0.003837778, 2.6684967E-4, 0.0071020103, 0.0051266775
528, 0.006087072, 0.007628835, 9.5441524E-4, 0.008764255, 0.004964522, 0.003439062, 0.0071045286
529, 0.0033807892, 0.007930426, 0.0065924875, 0.0027089452, 0.005132701, 0.00518939, 0.0014195922
530, 0.005423799, 0.007994324, 0.008689839, 0.005765355, 0.0032412102, 0.0022560565, 0.00908257
531, 0.009888663, 7.889381E-4, 0.0074850763, 0.0053932625, 0.008107508, 0.0031616741, 0.0072889994
532, 0.009556509, 0.0063360343, 0.0015262144, 0.0014748407, 0.009413927, 0.006442695, 0.0069790883
533, 0.0010100657, 0.009296552, 0.0027044779, 4.3405528E-4, 0.0025694931, 0.006891767, 0.006540367
534, 0.006678192, 0.0023912487, 0.008737593, 0.0031779164, 1.5914341E-4, 0.0036669322, 0.0043922635
535, 0.00794, 0.008552414, 0.0077556083, 0.0010945662, 4.345191E-4, 0.0077064307, 0.0071381857
536, 0.0065605277, 0.002088046, 0.008174401, 0.0072182054, 0.00745458, 0.006185082, 0.009215873
537, 0.004827003, 0.005028442, 0.0098578185, 8.871606E-4, 0.0036056768, 0.0074385116, 0.004316994
538, 0.0086387, 3.13236E-4, 3.3265786E-4, 0.003022623, 0.007698662, 0.001549756, 0.003439866
539, 0.007464112, 0.0064460384, 0.0073853317, 0.0011012749, 0.006752445, 0.008962684, 0.0069500594
540, 0.008948725, 3.2284498E-4, 0.0070026913, 0.0011672409, 0.007267008, 0.0027045165, 7.2873075E-4
541, 0.009501449, 0.003968589, 0.005534773, 0.005738892, 8.450584E-4, 0.0065646567, 0.0047780625
542, 0.0011438255, 0.0034812791, 0.0030339244, 4.5610315E-4, 0.009752848, 0.005438708, 0.006070688
543, 0.0021035445, 0.006789004, 0.004491844, 0.0038362339, 0.005634278, 0.007976877, 0.006563983
544, 0.0030427456, 0.006336714, 0.0013333055, 0.0023533446, 0.006966462, 0.008312055, 0.00953996
545, 0.004630259, 0.0018169001, 0.0028277922, 0.0013880837, 0.0028426687, 0.00978154, 0.0067793583
546, 0.0014595152, 0.007419179, 0.00602045, 0.0077360747, 0.006944448, 0.003473319, 0.009902897
547, 0.0038932236, 0.009295208, 0.002489648, 0.007858086, 0.005660295, 0.006276649, 0.0010117885
548, 0.006354731, 5.861485E-4, 0.006897612, 0.007354416, 0.008729236, 0.0048550386, 0.0076942104
549, 9.256942E-4, 0.008849875, 0.0026831555, 0.0038845253, 0.0038735943, 0.007934391, 0.009603533
550, 0.003025642, 0.0014589934, 4.1609726, 0.0068478854, 0.0019777687, 0.005810396, 0.008728241
551, 0.0018171235, 2.1651982E-4, 4.1201124, 0.0035753218, 0.0039780294, 0.003833263, 9.944224E-4
552, 0.0034774248, 0.00643174, 4.195272, 0.002144592, 0.0039696028, 8.7041734E-4, 4.972092E-4
553, 0.002037805, 0.0021807007, 4.1703954, 0.0034959342, 0.005528713, 0.0054649506, 0.0034760695
554, 0.0061211768, 0.002049519, 4.101148, 0.0057510175, 0.0022013013, 0.004660822, 0.0062175393
555, 0.0075655277, 0.0010689198, 4.169372, 8.2569284E-4, 0.006082925, 1.2160653E-4, 0.008414261
556, 0.005324079, 0.0051247766, 4.113501, 0.007233601, 0.0053373184, 0.0055672736, 0.0055592186
557, 0.0059960685, 0.0033595082, 4.117271, 3.9710035E-4, 0.008917551, 0.0066451887, 0.0030267679
558, 0.008361565, 0.008880461, 4.1625123, 0.007225968, 0.0021676596, 0.0071337973, 0.0014430857
559, 0.0033619644, 0.0030386252, 4.1426105, 0.007612456, 0.008514913, 0.0061229286, 0.004297991
560, 0.009226418, 0.007495472, 5.7306253E-5, 0.007913049, 0.008698242, 0.0077986326, 0.008296978
561, 0.0085075395, 0.0035681317, 0.0026756504, 0.0051955082, 0.006072917, 0.0045657246, 0.002071707
562, 0.0042406367, 0.0047118547, 8.1954896E-4, 2.10115E-4, 0.009338698, 1.0525287E-5, 0.0063726855
563, 0.0041995966, 0.0025891245, 0.0024432675, 0.002993945, 1.9936789E-4, 0.0036017976, 0.002509402
564, 0.009166461, 0.0023974509, 0.0060839006, 0.0090539185, 0.004090678, 0.0053408616, 0.0071592005
565, 0.009538205, 0.008556276, 0.002002004, 0.0036815542, 0.009903951, 0.0016176808, 0.00837381
566, 0.0076657375, 0.0021128012, 0.0031503488, 3.5687932E-4, 0.009882541, 0.009446301, 0.0075701326
567, 2.3505697E-4, 0.0066513903, 0.0032151062, 0.0032655804, 0.008131605, 0.009912584, 0.0096534155
568, 0.0056231185, 0.008496321, 0.0047725756, 0.0024640013, 0.008917638, 0.0028946612, 0.0018895403
569, 0.004731197, 0.0037960887, 0.008153123, 0.004302808, 0.003733635, 0.0025992477, 0.003260864
570, 0.009608565, 0.0035654898, 0.004346936, 0.009335706, 0.008745558, 0.0034144283, 0.0048545026
571, 0.004433409, 0.002078364, 0.0038464302, 0.0051534967, 0.009012274, 0.0019521101, 0.009512089
572, 0.0031570143, 0.008460873, 0.008441364, 0.004315958, 0.009340293, 0.0062548467, 0.0016272431
573, 0.0042799558, 0.007099697, 0.0050295014, 0.009410604, 0.0040838136, 0.0024083236, 0.0031380455
574, 0.004605537, 0.0055799736, 0.0054040225, 0.0011110817, 0.008856162, 4.5732883E-4, 0.008625726
575, 0.0058411364, 0.0037811238, 0.0046676258, 0.0027565348, 2.867207E-4, 0.0016739316, 0.009230322
576, 9.3710585E-4, 0.0030236242, 0.009073692, 5.961263E-4, 0.006980454, 0.0050668395, 0.0065695588
577, 0.0038764165, 0.001149363, 0.001044723, 0.007313564, 0.0039351834, 0.009550175, 0.008027697
578, 0.0048903553, 0.0025920828, 0.0096518155, 0.008097008, 0.008428639, 0.004999659, 0.0049564713
579, 8.474951E-5, 0.009137994, 0.0046347342, 0.0064284396, 0.0018245679, 0.0078160465, 0.004283421
580, 0.0069302227, 0.006723171, 0.007294804, 0.009901171, 0.0076200366, 0.007495964, 0.007281294
581, 0.005293711, 0.0020324744, 0.005505833, 0.0015964804, 0.008191698, 0.0043941378, 0.0063023134
582, 0.009427735, 0.0024813393, 0.0036186415, 6.790664E-4, 0.0028840122, 0.007105223, 0.00338046
583, 0.005850806, 0.0028791605, 0.009462012, 0.0016846714, 0.0031965112, 0.0041676513, 1.0646854E-5
584, 4.2973002E-4, 0.007423967, 0.008218346, 0.005224117, 0.006602978, 0.0069813738, 0.009535724
585, 0.008039862, 0.0019536812, 0.0070749824, 0.0070243427, 0.008518262, 0.0072559575, 0.0047473954
586, 0.007041115, 0.0025476716, 6.040408E-4, 1.2939447E-4, 0.0088913385, 0.0031238955, 0.0065749004
587, 0.009198851, 0.0066982075, 0.006983934, 0.00454832, 0.0011634793, 0.0038118993, 0.009188316
588, 0.009992111, 0.00792989, 0.007223128, 0.009623259, 0.0021002174, 0.0040296274, 0.009807406
589, 0.008333374, 0.004814048, 0.0028435308, 0.007650077, 0.0010975555, 0.0059624477, 0.008999029
590, 0.008188492, 0.0027251935, 0.001023298, 0.0074106134, 0.0024565756, 0.0031767478, 0.0038398146
591, 0.006591983, 0.0013282965, 8.0221816E-4, 0.0065171937, 0.007589044, 0.0013304369, 0.0077429772
592, 0.0046803276, 1.6614156E-4, 3.3135503E-4, 0.004856889, 0.0022908922, 0.004723619, 0.0072112693
593, 0.007403594, 0.002302192, 0.0018329975, 0.0024809262, 0.008166282, 0.00557272, 0.0012467572
594, 0.008739333, 0.0016882579, 6.6446763E-4, 0.0087729385, 8.47575E-4, 0.0018670015, 0.0014196057
595, 0.0025004456, 0.0057445536, 0.0052754553, 0.007539223, 0.009519167, 9.418234E-4, 0.0042696455
596, 0.0057804044, 4.997169E-4, 0.008908514, 0.007193751, 0.005842987, 0.0022808074, 0.0017936823
597, 0.007808171, 0.005534933, 0.007957964, 0.0072322274, 0.0024430817, 0.0043853177, 0.009875509
598, 0.0013418732, 0.0013194496, 0.003516523, 0.0033944126, 0.009442511, 0.009981405, 0.0022922948
599, 0.008341862, 0.008515557, 0.007848336, 0.009025908, 6.4405025E-4, 0.007969774, 0.0035220212
600, 0.0038627558, 0.008801929, 0.006891379, 6.735671E-4, 0.006844259, 0.008590347, 0.0066300244
601, 0.0040868726, 0.0031150791, 0.0046442198, 0.0073086447, 0.002749794, 2.5317236E-4, 0.009441057
602, 0.0056439126, 0.0057611386, 0.009782335, 0.008597405, 0.009325437, 0.0072610667, 0.006069432
603, 0.006367426, 1.2562687E-4, 0.0085944375, 0.0010136112, 0.0067650923, 0.0038984881, 0.009481082
604, 0.0022023555, 0.003827114, 6.744478E-4, 0.005093946, 0.0055393293, 0.009191979, 0.0021696212
605, 0.0026355006, 7.415319E-4, 0.0063911495, 0.007201776, 0.009254751, 0.009558362, 0.009031681
606, 0.0077415677, 0.0029616638, 0.002082771, 0.0043952223, 0.009626447, 0.009572746, 0.006104763
607, 0.0048865676, 0.0023259826, 0.0016609969, 0.008100071, 0.0072356276, 0.0015711444, 0.009985381
608, 0.0021519286, 0.0033898961, 0.0071464577, 0.003939436, 0.004871421, 0.007630179, 0.0056927223
609, 0.0051855855, 2.1199268E-4, 0.001600579, 0.0049793595, 0.007831171, 0.007966246, 0.0026644003
610, 7.0093884, 0.0092541715, 0.003688277, 0.001280878, 2.1529222E-4, 0.008001038, 0.0058023166
611, 7.003692, 0.0012466208, 0.009056027, 0.007738605, 0.009627347, 0.006824003, 0.0022208472
612, 7.017684, 0.009669074, 0.004167434, 0.0063454206, 0.009907293, 0.0035253381, 0.0066055455
613, 7.0630054, 0.006801107, 0.005964974, 0.0074651386, 0.0050257253, 0.0072836275, 0.006897374
614, 7.00894, 0.0010705886, 0.0018818822, 0.003265768, 0.0054060766, 0.0025088668, 0.00944465
615, 7.094183, 0.005112126, 0.0039076037, 0.0018650256, 0.006094991, 0.0060223388, 0.0066198246
616, 6.9295554, 0.0077493894, 1.3072702E-5, 0.007004048, 0.002741497, 0.0030493764, 0.009598221
617, 7.031786, 0.0035769863, 0.0066161114, 0.0020697773, 0.008071786, 0.006388145, 0.008310737
618, 7.0637946, 0.0023951614, 0.007262655, 0.0022092185, 0.007817043, 0.008878125, 0.0046295715
619, 7.009896, 0.00495344, 0.0079521015, 0.008662395, 0.0070701204, 0.005575799, 0.0059085554
620, 7.0145507, 0.009233157, 0.00398708, 0.008671283, 0.009431173, 7.764646E-4, 0.0024268006
621, 6.964932, 0.009236603, 0.004081032, 0.0050320406, 0.008258818, 0.006276231, 0.0069163647
622, 6.9104333, 0.0020014415, 0.005941202, 0.00945055, 0.0034532398, 0.004644277, 0.0036087348
623, 7.0043654, 0.007693943, 0.0065725953, 0.0055363094, 0.0010104529, 0.00955958, 0.0061692456
624, 7.06113, 0.002411921, 0.009513415, 0.0036236732, 0.007905165, 0.008100174, 0.003254347
625, 6.9096303, 0.002495646, 0.0018752934, 0.0030657833, 7.838209E-4, 0.009794483, 9.027464E-4
626, 7.085896, 8.935602E-4, 0.006158891, 0.00666353, 0.004441213, 0.0076781786, 0.009464081
627, 6.926776, 0.0054120435, 0.0042106225, 0.0070784716, 0.007964489, 0.005054159, 0.007847332
628, 7.035598, 0.006084017, 0.0035692244, 0.0030403566, 0.0066213207, 0.005566622, 0.004097407
629, 7.0670433, 9.6100324E-4, 0.0022842486, 0.0060821213, 0.009962709, 0.0055744327, 0.003404378
630, 7.0835295, 0.0076870783, 0.0038800535, 0.009698768, 0.0046436912, 0.009945328, 1.3817885E-4
631, 6.9846573, 0.0024437683, 0.0034139282, 0.0029389253, 0.009681817, 0.0017401342, 0.00663649
632, 7.0564976, 0.005637125, 0.002305555, 0.0068502673, 0.0030134232, 0.004568848, 0.001973039
633, 7.054604, 0.005744098, 0.0015412605, 0.0027674858, 0.0053689266, 0.0030832253, 0.0032057478
634, 6.963243, 0.007916659, 0.0033614964, 0.0069628283, 0.0056185564, 0.008787217, 0.008852094
635, 6.963336, 0.0032877207, 0.0021597904, 1.0735315E-4, 0.00990772, 0.0026460758, 0.0071134013
636, 7.0156736, 0.0074855876, 0.0021268092, 0.0010864958, 0.00847427, 0.007880888, 0.007827866
637, 6.9152946, 0.004840913, 0.008207493, 0.008347088, 0.0020935962, 0.0015328492, 0.008448226
638, 7.0586348, 0.0024472552, 0.0085962415, 0.0076035284, 0.0060602226, 0.008821387, 0.0033995013
639, 7.003536, 0.009011056, 0.006407958, 0.0021214595, 0.0053463895, 0.0067460877, 0.005871245
640, 0.0016604266, 0.001360482, 0.00836118, 0.005229169, 0.0027640034, 0.008480698, 0.0052544763
641, 0.003365155, 0.008509586, 0.005091102, 0.0048496523, 0.0068859104, 0.009658087, 0.0055038603
642, 0.005292283, 2.9246765E-4, 0.009858476, 0.0044290936, 0.0069728736, 0.009246291, 0.009198309
643, 0.003521265, 0.0080289785, 0.0080892015, 0.0041755172, 5.6027557E-4, 0.0013401353, 0.0057153204
644, 0.005809274, 0.009296137, 0.009953174, 0.0083952, 0.005312867, 0.0020192899, 0.0063617914
645, 0.004216739, 0.0085190525, 0.0075143534, 0.008613107, 0.0014344619, 0.006078475, 0.0042132707
646, 0.002825249, 0.002208171, 0.006344284, 0.0020845446, 0.00737384, 0.003963946, 0.001811188
647, 0.0070784455, 0.008741587, 0.0029249159, 0.007994737, 0.008793776, 0.0028240054, 0.008236176
648, 0.00571672, 0.005439986, 0.008345625, 5.4769067E-4, 0.0039051415, 1.3914092E-4, 9.6489064E-4
649, 0.0059209503, 2.2230048E-4, 0.009145419, 0.007632233, 0.004489635, 0.0011021052, 0.005655569
650, 8.1469014E-4, 0.0034314669, 0.0011078062, 0.0025419043, 0.0013117214, 4.0138783, 0.003913921
651, 0.0035601587, 0.006560729, 0.007600186, 0.003671204, 0.0053677047, 3.9309804, 0.008765064
652, 0.006031087, 0.0020333533, 0.001892471, 0.0031497327, 0.0026860987, 3.9955945, 0.007496065
653, 0.001745905, 0.0019253452, 9.572705E-4, 0.0026481294, 0.005904155, 4.0458426, 0.009526396
654, 6.204003E-4, 0.006874474, 0.008135052, 0.0074314964, 0.006407684, 3.9203851, 0.0093956115
655, 0.0040193475, 0.0063458183, 0.0018771577, 0.0074246977, 8.8665914E-4, 4.035424, 0.0053434973
656, 0.009379456, 0.0040689604, 0.0037548395, 0.0028768056, 0.0013263803, 3.950804, 0.009712738
657, 0.0048562144, 0.009978154, 0.009159331, 6.156505E-4, 0.007983327, 3.9161887, 0.005045903
658, 0.0068702176, 0.001959417, 0.0034776626, 1.4982946E-4, 0.0069897096, 3.9829519, 0.003417343
659, 5.637539E-4, 0.003191471, 0.008237523, 0.0044567888, 0.008034608, 4.025853, 0.0019031307
660, 0.006385798, 0.008226675, 0.0012818743, 0.00212892, 0.0055082934, 4.0006676, 0.0023891996
661, 0.0074034175, 4.0629672E-4, 0.004168216, 0.0073588206, 0.0027884673, 3.953967, 0.0021016875
662, 0.009011192, 0.009095925, 0.0028865105, 2.5251918E-5, 0.001188371, 3.9344234, 0.0018359643
663, 0.0013772362, 0.009871055, 0.009582386, 0.0047091898, 0.008204753, 4.0072627, 0.005354161
664, 0.0018688038, 7.221863E-4, 0.0083640115, 0.0011481094, 0.005666094, 3.9388657, 0.0017279248
665, 0.0073268064, 0.008732184, 0.0048421216, 0.007835549, 0.008226468, 3.9514956, 0.008052407
666, 0.0085648345, 0.005553417, 0.0073400913, 0.0061057713, 0.0010990658, 4.057697, 0.0064172666
667, 0.004451696, 0.008039145, 0.0043947096, 0.0064174114, 0.002617871, 3.9190342, 0.006719864
668, 0.00401477, 0.003674028, 0.0091702845, 0.008548826, 0.0061173937, 4.0496273, 0.0022125985
669, 0.0022796171, 0.008902348, 2.991041E-4, 0.0074818004, 8.8539644E-4, 3.9521644, 2.7599296E-4
670, 0.0057421597, 0.0051708934, 0.0052552433, 0.009354131, 0.008289452, 3.9428656, 0.0037178746
671, 0.008453371, 0.0025321657, 0.00858402, 0.007868353, 0.0069291065, 4.0059958, 0.007831865
672, 0.0029009692, 5.02553E-4, 0.0020425264, 8.251082E-6, 3.6542886E-4, 4.072218, 0.0010487685
673, 0.004597522, 0.009942272, 0.00567271, 0.006591695, 0.009640478, 4.092643, 0.0051420922
674, 0.006623044, 0.001973397, 0.0059978124, 0.009193448, 0.0035421567, 3.9520104, 0.005407765
675, 0.0028679722, 0.003780353, 0.0039849794, 0.0017255439, 0.008606336, 3.9812915, 0.007415184
676, 0.0027625014, 0.0077201766, 0.0061182077, 0.008740483, 4.319811E-4, 4.035102, 0.0041993954
677, 0.006665804, 0.005102883, 0.008129116, 0.0016138663, 0.001056779, 3.9387887, 6.215627E-4
678, 0.003090761, 0.0063288934, 0.0035784529, 0.0034424027, 0.009771672, 4.004226, 0.0061354116
679, 0.009227333, 0.0024554806, 0.005170906, 0.008678299, 0.0025839529, 4.0050144, 0.003644046
680, 0.008850718, 0.0032554052, 4.8993604E-4, 0.006193015, 0.008598338, 3.903322, 0.004321392
681, 0.002418555, 0.00284287, 0.005378133, 0.0026056953, 0.005554342, 4.039704, 0.0022165603
682, 0.0021363723, 0.0017812303, 0.0021238371, 0.0097122, 5.406586E-4, 3.925683, 0.0018051126
683, 8.1595074E-4, 0.0030276284, 0.008870257, 0.008001193, 0.0028541281, 4.086353, 0.004438902
684, 0.0046238764, 1.7386762E-4, 0.006383498, 0.0071558733, 0.008886747, 4.080484, 6.4556784E-4
685, 0.00801768, 0.0020085943, 7.5614074E-4, 0.004885897, 0.0021784832, 3.9987998, 3.029494E-4
686, 0.009008994, 0.0011343253, 0.0058561205, 0.0013081952, 0.003524723, 4.023008, 0.006341152
687, 0.0097889975, 0.008890604, 0.0038385626, 0.0018777524, 0.0057532913, 4.0320272, 0.001902067
688, 0.008340769, 0.009317778, 0.006947647, 1.6324321E-4, 0.0030074052, 3.9858296, 0.004016228
689, 0.0030114602, 0.0050284197, 0.006742228, 0.0051622554, 0.009632419, 4.066391, 0.0013224786
690, 0.0099867815, 0.0017396599, 0.0058935927, 0.0015873066, 0.008636058, 3.9329934, 0.008656022
691, 0.008104086, 0.0011394493, 0.0035402335, 0.008047418, 0.004734792, 4.010098, 0.0033538183
692, 0.009895637, 0.004980951, 0.0067976536, 0.0016943421, 0.0013260905, 3.9872472, 0.0069180056
693, 0.0024618711, 0.0028308765, 0.002489496, 0.0080851205, 0.0019813508, 4.095255, 0.00554536
694, 0.005279784, 0.0022536267, 0.0042030164, 0.00756802, 0.0043151635, 3.9776225, 0.0036200031
695, 0.0020772724, 0.005944799, 0.009434133, 0.0014773638, 0.0063893893, 3.9757533, 0.008432771
696, 0.008937769, 0.0042697056, 0.004440996, 0.0012447889, 0.00367514, 3.9126549, 0.008366324
697, 6.567947E-4, 0.0035261482, 6.117059E-4, 0.008288631, 0.009126563, 4.0687585, 3.446032E-4
698, 7.4969896E-4, 0.0063832183, 0.0014892394, 0.006373009, 0.0027361773, 4.010618, 0.0013469805
699, 0.009719485, 0.001767676, 0.009033749, 3.4084966E-4, 0.003383448, 4.0144787, 0.009663783
700, 0.0039617647, 0.0032706782, 0.0051373495, 0.003841632, 0.0075355326, 3.985056, 0.0070242276
701, 0.008087742, 0.003657948, 0.0040611452, 0.0055304295, 0.0047750715, 3.9105694, 8.164469E-5
702, 0.00874282, 0.003328011, 7.002437E-4, 0.0068050865, 0.0053452146, 4.080208, 0.008066468
703, 0.0052927835, 0.007394649, 2.2724895E-4, 0.0046013673, 0.0018303853, 4.09805, 0.0027735997
704, 0.009134504, 0.0015547979, 0.0096064145, 0.0070146825, 0.002260436, 3.9306617, 0.0028321394
705, 0.005375637, 0.0060379338, 0.0054667955, 0.006526983, 0.008194794, 3.9156237, 0.001798532
706, 0.0033813475, 0.009753333, 0.0011558649, 0.0030154153, 0.0042623966, 3.9525194, 0.009244361
707, 0.0067465147, 0.0049471008, 0.001594677, 0.0069569084, 0.008394149, 4.0200777, 0.002848914
708, 0.0011424639, 8.9234684E-4, 0.0052959, 6.137327E-4, 0.007590639, 3.9948242, 0.0077984296
709, 7.666653E-4, 0.0018173824, 0.008772574, 0.0065054432, 5.471799E-4, 3.9039521, 0.009945111
710, 0.00414455, 0.004193986, 7.6008495E-5, 0.007818597, 0.0026270987, 4.0409975, 0.0014450423
711, 0.008851702, 0.008629672, 0.0076489756, 0.0057912734, 0.006144194, 3.980375, 0.0031834499
712, 0.0022980748, 0.0043372596, 0.0016583577, 1.7570423E-4, 0.0027298774, 4.0671353, 3.9751935E-4
713, 0.0016971623, 0.006530927, 0.0064236536, 0.00635431, 0.0020286737, 4.092115, 0.0033403772
714, 0.0034950646, 0.0017898047, 0.008489249, 0.009742483, 0.007952288, 3.9694624, 0.0036950265
715, 0.007947637, 3.1804026E-5, 0.008054489, 0.008109399, 0.007839623, 4.021204, 0.0053501483
716, 0.008536429, 0.008059498, 0.009059334, 0.00779772, 0.008703134, 4.0648856, 0.005258554
717, 0.0057409457, 3.64739E-4, 0.004694526, 0.007553987, 0.0024293622, 3.9014208, 0.0034753515
718, 0.009667002, 0.005193838, 0.0071453, 3.712137E-4, 0.0069776205, 4.059901, 0.0018134261
719, 0.003247894, 0.004282586, 9.4104814E-4, 0.007201287, 9.158846E-4, 4.083496, 0.001661475
720, 0.0017636794, 4.6255512E-4, 0.002550699, 0.008661543, 0.0016135793, 3.9531896, 5.0153036E-4
721, 0.002004465, 0.0018566113, 0.0050357245, 0.0068046553, 0.005031585, 4.077759, 0.005110543
722, 0.0045312988, 0.0063708425, 0.0051348843, 0.006948262, 0.008372321, 4.0808206, 3.1707424E-4
723, 0.0046236734, 0.008282996, 0.0024336954, 0.004984169, 0.009980588, 4.0474396, 0.004745332
724, 0.005286087, 0.0012188393, 0.0067917723, 0.006481785, 0.0077438895, 4.0904274, 0.009189066
725, 7.245917E-4, 0.0016279796, 5.3678214E-4, 0.0054426976, 0.0020232599, 3.9848049, 0.007904269
726, 0.008690125, 0.0038182687, 0.009438168, 0.009551876, 9.3767844E-4, 4.0179496, 0.006088241
727, 0.007690582, 0.0026008997, 0.00745756, 0.0026151347, 9.57346E-5, 3.9493494, 0.0034660036
728, 0.008753733, 0.0068888906, 0.0068872618, 0.0072147385, 0.003215256, 3.979263, 0.00891085
729, 0.006450819, 0.008577997, 0.0037612354, 0.0053482717, 0.00879011, 3.9504995, 0.0015287992
730, 0.0016259699, 4.9385097E-4, 0.0075779315, 0.0024385953, 0.009695339, 4.0363255, 0.006010445
731, 0.0038706649, 0.0024130365, 7.5434055E-4, 0.005046529, 0.007531838, 4.0255404, 0.009859018
732, 0.0051954985, 0.009761089, 0.0018347922, 0.007366634, 0.001122491, 3.9763408, 0.004504126
733, 0.008758108, 0.0052373577, 0.005305171, 0.0030954157, 0.0045779585, 4.09614, 0.0063894955
734, 0.0038423412, 0.009423374, 0.00794629, 0.0053711715, 4.213816E-4, 3.9912608, 0.007232942
735, 0.0058847084, 1.1453335E-4, 0.0018613153, 0.0057139937, 0.0040251357, 3.923957, 0.008125766
736, 0.007301981, 0.002456717, 0.0026361905, 0.0011795878, 0.0077061956, 4.067869, 0.0033373942
737, 0.003938554, 0.001684631, 0.0014640196, 0.007582429, 0.008080675, 3.958069, 0.007657834
738, 4.8188196E-4, 0.006589147, 0.003203815, 0.0029054454, 0.004797503, 4.015415, 0.0036170597
739, 0.0078505315, 0.0028903189, 0.0035557495, 0.0065021133, 0.0058522704, 3.9455955, 0.004048168
740, 0.003130612, 0.0026909306, 0.0059254724, 0.009850447, 0.0062030484, 4.053655, 4.4584647E-4
741, 0.0015595083, 0.00857047, 0.0043630027, 0.0033040831, 0.008511349, 4.0238647, 0.0018623758
742, 0.0018939878, 0.00426415, 0.0014175067, 0.00770643, 0.0033994785, 4.0601873, 0.005247606
743, 0.0038211884, 0.00265414, 0.0099570155, 0.0055252044, 2.5754655E-4, 3.9303074, 0.0014356232
744, 0.0028623056, 3.634256E-4, 0.0062028393, 0.0057522017, 0.0025328381, 3.9987464, 0.0021058733
745, 0.001152748, 0.009375108, 0.008814851, 0.001788557, 0.005653674, 4.0481105, 0.0027524778
746, 0.006047874, 0.0024588008, 0.00730913, 0.007997056, 0.002229366, 4.0018415, 0.0096601825
747, 0.009192714, 0.0033097062, 0.008105708, 0.0010908631, 0.008926055, 3.9853518, 0.0014059516
748, 0.008131548, 0.0028732484, 0.0054378, 0.005379582, 9.3595695E-4, 4.0096974, 0.0011723167
749, 0.006613728, 4.2157604E-5, 0.0070140995, 0.007520805, 0.006267543, 4.0872183, 0.0065577263
750, 5.4835115E-4, 0.0015867132, 0.002128024, 0.009213738, 4.2176846E-4, 4.036296, 0.0036402892
751, 0.005944233, 0.0012748254, 0.005403478, 0.0044814562, 0.0012916736, 4.070103, 4.2897175E-4
752, 0.0037819175, 0.0042104367, 0.00791587, 0.006429907, 6.7634945E-5, 4.071572, 0.00567596
753, 0.009141913, 5.867845E-4, 0.004960479, 0.0019104093, 0.009037229, 3.9984581, 0.0061117834
754, 0.008310399, 0.0058327876, 0.0052425535, 0.0058511216, 0.002115796, 3.9811869, 0.0030926962
755, 0.0051439786, 0.009633206, 0.0047992654, 0.006893839, 0.0095021315, 4.0966167, 0.0041258135
756, 0.008666611, 0.008972863, 7.5213064E-4, 0.007057219, 8.8528247E-4, 4.0421467, 0.0037900875
757, 0.0037426332, 0.008168939, 0.0032246301, 0.009535783, 0.006002547, 4.085255, 0.008592536
758, 6.8496383E-4, 0.0040214304, 0.0035619608, 0.0013240675, 0.0042831907, 3.9798372, 0.0055596405
759, 0.008562939, 0.004139951, 4.706934E-5, 0.0070201377, 0.0018340753, 4.083288, 0.0058190315
760, 0.0073186094, 0.0039898604, 0.006481245, 0.0089021735, 0.006932885, 0.005861724, 0.0033237608
761, 0.0094378665, 0.004452356, 0.009327551, 0.0050079315, 0.0051028114, 0.00400806, 0.0028511472
762, 0.0050022164, 0.0030346343, 0.006355453, 0.0014581587, 0.0045394083, 0.009489383, 0.0054839705
763, 0.005583589, 6.0557184E-4, 0.0047373413, 0.0053325305, 0.0022592111, 0.0097803185, 0.0017680174
764, 0.0079577165, 0.0077049183, 0.0035573838, 2.120792E-6, 0.0053314674, 0.0025462355, 0.0023858002
765, 0.0093978, 0.0018376715, 0.0096009215, 0.006345795, 0.0060903598, 0.0034921255, 0.009460804
766, 1.09861736E-4, 0.008019131, 0.0029279327, 9.406818E-4, 0.00863828, 0.007872123, 0.006268454
767, 0.0018743306, 0.0079197055, 0.0011185397, 0.009152532, 7.0836913E-4, 0.0019912436, 0.008901184
768, 0.0043817684, 8.779227E-4, 0.003458801, 0.009125259, 0.002927232, 0.008043739, 0.009787275
769, 0.0042069727, 0.003363021, 0.004928612, 0.0017415306, 6.348757E-4, 0.0021867245, 0.009711665
770, 0.0035328856, 0.0037487503, 0.008941867, 0.0017222638, 0.0064622103, 9.553652E-4, 0.005575026
771, 0.0025210083, 0.009149519, 0.00797734, 0.009040358, 0.0013634855, 0.0078013046, 0.005670834
772, 0.009806902, 0.0015131405, 0.009390672, 0.009449705, 0.0066290414, 0.007902845, 0.00911165
773, 0.009418267, 0.009708123, 0.007240437, 0.001017921, 0.006941694, 2.03321E-4, 0.008811711
774, 0.007367488, 0.0025726035, 0.0039423606, 0.007955043, 0.007868674, 0.0010042769, 0.001137856
775, 0.0044650286, 0.0047591366, 0.0010354533, 0.0019325477, 0.0050282334, 0.0034484528, 0.002408566
776, 0.009676827, 0.0022023385, 0.0013160976, 0.0068227565, 0.009984508, 0.0024206762, 0.0091805365
777, 0.0074249483, 0.0038178824, 0.002037361, 9.4142166E-4, 0.009646714, 0.0071206684, 0.003523908
778, 0.00694575, 0.006381634, 0.007847566, 0.0035864485, 0.005740141, 0.0021872835, 0.0036316623
779, 0.0011933448, 0.007045242, 0.0044479403, 0.009786059, 0.006286223, 0.0060245823, 0.0042485753
780, 0.007853647, 0.009293126, 0.005219036, 0.0060876138, 0.009499022, 0.007470712, 0.005879368
781, 0.0034954366, 0.00917914, 0.0065731164, 0.0048531876, 0.0071275146, 0.0017343735, 0.0053782933
782, 0.006668929, 0.0029655562, 0.007809189, 0.006198374, 0.003008352, 8.869654E-4, 8.4180536E-4
783, 0.0066587604, 0.003370329, 0.008052391, 0.004254681, 0.0067513934, 0.0014025717, 0.007313084
784, 0.0064328485, 4.508254E-4, 0.0011142214, 0.008154231, 0.0040946184, 0.0030274417, 0.005981105
785, 0.0065674093, 0.0017393037, 0.0036003657, 0.0018167489, 6.8471604E-4, 0.0059991614, 0.007443298
786, 0.0012060985, 0.0010091354, 0.008927849, 0.004089734, 0.0032851968, 0.0076401094, 0.0035252534
787, 0.0053797094, 0.0076989243, 0.0020202599, 0.008128638, 0.0022484362, 0.005680214, 0.0074186563
788, 0.0036926407, 2.778719E-4, 0.0043679904, 6.179699E-4, 0.009435697, 0.0018154973, 0.0027174149
789, 0.007087321, 0.0078481035, 0.0068102553, 0.008654834, 0.0032995662, 0.009636939, 0.005423823
790, 0.007491171, 0.0027912303, 0.0028257067, 0.0029460825, 0.0010313166, 0.007065249, 0.0079316
791, 0.0015768701, 0.005303411, 0.008501125, 0.0029108778, 0.00423177, 0.0023807313, 6.4068576E-5
792, 0.007392924, 0.002687941, 0.008380235, 0.005794139, 0.00561614, 0.006106651, 0.0053956294
793, 0.0068083587, 0.0014338889, 0.00625241, 0.009859163, 0.009863219, 0.0067762975, 0.0025742864
794, 0.003625187, 0.009401966, 0.007033802, 0.0037231997, 0.006929819, 0.009450486, 0.0029708894
795, 0.0020496827, 0.0043049185, 0.008727582, 0.008983574, 0.0041598147, 0.005510875, 8.9987076E-4
796, 0.0017817329, 0.003702721, 0.0036015513, 0.0020384982, 0.0019074784, 0.0022212486, 0.0013460623
797, 0.009024312, 0.002893357, 1.1811854E-4, 0.005405874, 0.0059000873, 0.009319212, 0.002573074
798, 0.004902062, 0.009982855, 0.0055441456, 0.0045922277, 0.007306373, 0.005926336, 0.0014700781
799, 0.005279033, 0.009951085, 0.0038629395, 3.3600203E-4, 0.0038869926, 0.009876464, 0.0072567263
800, 0.006247082, 0.009247432, 0.008220962, 0.007163208, 0.0059103444, 0.009761365, 0.007908135
801, 0.0022187904, 0.009878781, 0.0033026664, 0.004995547, 0.0078721335, 0.0034982502, 0.005100507
802, 0.004724819, 0.0041216463, 0.0067066737, 0.0069521666, 0.0030482502, 0.008337791, 0.0048525543
803, 0.0029630743, 0.0032062961, 0.008625827, 0.0097799655, 0.005419109, 0.0047915196, 0.003624072
804, 0.0015697208, 0.009366915, 0.009658444, 0.0066347155, 0.0065314975, 0.0060111703, 0.0050250683
805, 0.005548669, 0.006309297, 0.003133471, 0.009160654, 0.0051528993, 0.0062926747, 0.0053956653
806, 0.009165676, 0.005098129, 0.008918763, 0.00861122, 0.0035237197, 0.0050567584, 0.008905194
807, 0.00985136, 0.004341368, 0.0084153, 0.002971588, 0.00959845, 0.00549101, 0.007222591
808, 0.006187381, 0.0030672897, 0.0032327862, 0.0040544723, 7.263078E-4, 0.0052856877, 0.0053157406
809, 9.5760566E-4, 5.12964E-4, 0.008558883, 0.0030445657, 0.0016995374, 0.007014438, 0.0015381001
810, 0.008347157, 0.001179071, 0.007260075, 0.006271707, 0.0044895285, 0.005040469, 0.0050650276
811, 0.0033381646, 0.004758446, 0.0032869563, 3.8831195E-4, 0.005443149, 0.008168508, 0.0040034447
812, 0.009773675, 0.006708936, 0.005049173, 0.0071753613, 0.0029016607, 0.0082923435, 0.008228614
813, 0.0040299115, 0.006423814, 9.3821634E-4, 0.007455077, 0.004328052, 0.006455095, 0.0016086628
814, 0.0056827543, 0.002599923, 0.005368078, 0.004423937, 0.005898025, 0.0044434187, 0.006862666
815, 0.0058090724, 0.0062732226, 0.0056950455, 0.005677566, 0.009961074, 0.0096089365, 5.3416274E-4
816, 0.004764892, 0.0035346798, 2.6216733E-4, 0.009396153, 0.0032668137, 0.0077904016, 0.008056497
817, 0.0039470275, 0.0032132643, 0.0023567714, 0.0040317513, 0.004311422, 0.0015022856, 0.007229397
818, 0.007314469, 0.0032478874, 0.0064296788, 0.008662666, 0.0058768177, 0.003029843, 0.0048021986
819, 2.0561567E-4, 0.006500417, 0.003417504, 0.006498608, 0.0022916903, 8.7287405E-4, 0.0032955513
820, 0.008235495, 0.0025128413, 0.0054186494, 0.0043032654, 0.007249822, 0.0039915787, 0.0022022028
821, 0.0020982989, 0.008627767, 0.0011103286, 0.0070402045, 0.009772216, 0.0070894775, 2.6563546E-4
822, 0.008820917, 0.008375376, 0.00518196, 0.008285448, 9.5268164E-4, 0.0015107, 0.0050373804
823, 0.0026809461, 0.001849774, 0.004520298, 1.21650715E-4, 0.006000048, 0.0064127296, 0.0039159134
824, 0.006728239, 0.0012079634, 0.004571546, 0.009393558, 0.0023647274, 0.0062408415, 0.006134017
825, 0.009024697, 0.00963472, 0.0036617783, 0.0034177823, 0.008030781, 0.009735274, 0.0056941407
826, 0.0044434806, 0.0029248688, 0.009270117, 0.0058153877, 0.009827758, 0.005743566, 0.0077214763
827, 0.0055652373, 0.0059386785, 0.007594412, 6.284448E-4, 0.009255273, 0.0053624297, 0.0068083513
828, 0.00528736, 0.009862753, 0.003279049, 0.0046138363, 0.0016197779, 0.006549599, 0.0049562026
829, 4.3859394E-4, 7.461781E-4, 0.007968266, 0.0052438993, 0.0096970145, 0.0077586346, 0.005799347
830, 0.005689339, 0.009235595, 0.0032032495, 0.009811534, 0.008689924, 0.0094858175, 0.0098632295
831, 0.009142698, 9.63797E-4, 0.007813276, 0.0075760745, 0.004471609, 5.410777E-4, 0.0045538587
832, 0.009023401, 0.00228297, 0.0024653326, 0.0017922064, 0.003699531, 0.0055241818, 0.008443602
833, 0.0050646444, 0.0055950284, 0.004610436, 0.004794665, 0.009858223, 0.002523964, 0.008955445
834, 0.0012190368, 0.008029474, 0.0014787511, 0.001988318, 1.5052482E-4, 0.0040809233, 0.004913987
835, 0.0019627989, 0.0027480044, 0.0076103676, 0.0074408012, 0.00677328, 0.0029473882, 0.006187367
836, 0.0010558009, 0.0034627127, 0.0054176045, 0.0024133625, 0.009733765, 0.0021407362, 0.0067507257
837, 0.009986286, 9.808479E-4, 0.009626051, 0.0017652117, 0.006217468, 0.0027750817, 2.8527356E-4
838, 0.008412561, 0.0026381214, 0.009213609, 2.611805E-4, 0.005451502, 0.0010846115, 0.0071410914
839, 0.0065665147, 0.006790161, 0.009966198, 0.009051362, 0.004365157, 0.00519551, 0.0042958707
840, 0.004634455, 0.004170724, 0.005930671, 0.0035043512, 0.0044837077, 0.005663333, 0.0078045432
841, 0.0030593171, 0.0046827435, 0.0063584773, 0.0051045, 0.009476308, 2.596788E-4, 0.0014576681
842, 0.008931748, 0.0034347763, 0.008826019, 0.005868697, 5.7027926E-4, 0.002402157, 0.0031102472
843, 6.0407043E-4, 0.002694154, 0.002420821, 0.0025512197, 0.0035493814, 0.0064541963, 0.008527193
844, 0.0096340375, 0.008939082, 0.0037840062, 0.0046493053, 0.0062311557, 7.853214E-4, 0.0046265223
845, 0.0067684716, 0.00885406, 0.0029762157, 0.008206192, 0.0076327603, 0.009425932, 0.0027931328
846, 0.005958146, 0.007374367, 0.009953279, 0.005192255, 0.0012745827, 0.002009953, 0.005304615
847, 0.0023539097, 0.007839922, 9.924673E-4, 0.008196824, 0.0067238393, 0.004000093, 0.0057349303
848, 0.0044449447, 0.0060538105, 0.0053476533, 0.0033410932, 0.004548663, 0.005794632, 0.0015032854
849, 0.0036548565, 0.0097689135, 0.0076028914, 0.0059355097, 0.003179779, 0.0069905375, 0.0026933954
850, 0.009584315, 0.0064219562, 0.006872027, 0.0053025046, 4.0709765E-5, 0.0037740099, 0.004050995
851, 0.004623285, 0.008083042, 0.0051848767, 0.0065040425, 0.0032315578, 0.002482261, 5.495364E-4
852, 0.0035523036, 0.006242666, 0.0021621103, 0.001004782, 0.008459021, 0.008221969, 0.0020365876
853, 1.3157487E-4, 0.0020830792, 0.004217773, 0.0051458203, 4.4149082E-4, 0.0086324895, 0.007193615
854, 0.009072845, 0.008464211, 0.0032044356, 0.0066075255, 0.009047595, 0.0012549697, 0.003503521
855, 0.0019190848, 0.0036307436, 0.008205313, 0.0048974655, 4.0080436E-4, 0.0014188602, 0.0046674977
856, 0.0087995725, 7.885604E-4, 0.008823686, 0.008092275, 0.009259866, 0.0030265106, 0.009652143
857, 0.0031318099, 0.0016018582, 0.009645131, 0.006950037, 0.009473886, 0.009959524, 0.0061567146
858, 0.0063712187, 0.0050505362, 0.0076490915, 0.0062608575, 0.008195336, 0.0077036703, 0.005452872
859, 0.002623206, 0.0020410877, 3.9224743E-4, 0.00809741, 0.0055238833, 0.0043082605, 0.008589965
860, 0.008475824, 0.009767762, 0.003430631, 0.0036494164, 0.002494281, 0.0049069365, 0.0021331618
861, 0.0025980962, 0.0048151147, 0.0050464435, 0.00906073, 0.0030836172, 0.007224214, 0.0022875024
862, 0.0043819784, 0.001999924, 0.0068678316, 0.0022082299, 0.005270676, 0.007703261, 0.0011840864
863, 6.899983E-4, 0.0075283414, 0.008666102, 0.009996987, 0.008868311, 0.009035674, 0.0059191943
864, 0.002945895, 0.0070202574, 0.009206686, 0.0026963395, 0.0021909084, 0.00879634, 0.006168263
865, 0.0023234622, 0.0061647478, 0.0043626344, 0.009999178, 0.0045829965, 3.427897E-5, 0.0047399737
866, 0.006036458, 0.0015365554, 0.0024899067, 0.009910046, 0.0069932756, 0.006103309, 0.006498638
867, 1.0398821E-4, 0.006431426, 5.6844956E-4, 0.0037366962, 0.0030972604, 0.008992723, 0.007635571
868, 0.008560149, 3.0531452E-4, 0.004717513, 0.0036387525, 0.0075770854, 0.0010077382, 0.005764814
869, 0.0020945754, 0.0051524537, 0.0071242787, 0.0038974313, 0.00590127, 0.0035067636, 6.243584E-4
870, 0.0062067085, 0.008181632, 0.008462416, 0.0018723764, 0.0047254213, 0.005018302, 0.008346514
871, 0.009994319, 0.0028136377, 0.008144469, 0.004076583, 0.0056968834, 0.007501198, 0.0020299822
872, 0.0030357046, 0.002878537, 0.0023317994, 0.0077423435, 0.007986155, 0.007842625, 0.009677497
873, 0.005463979, 0.0049757026, 0.0039558597, 0.0049787564, 0.008611657, 9.583035E-4, 0.0051912055
874, 0.007914031, 0.00513086, 0.0026810314, 0.0041523976, 0.0071141543, 0.0057273945, 0.0032816152
875, 0.008898022, 0.005710672, 0.0045504374, 0.001996077, 0.00816629, 0.0047435695, 0.005155712
876, 0.0053935135, 0.0064473604, 2.5266685E-4, 0.003454413, 0.0056351596, 0.00875822, 0.0077382973
877, 0.009792961, 0.0023974376, 0.009945907, 0.0046007014, 0.004310625, 3.037827E-4, 0.0048779873
878, 0.0071538975, 0.0032864881, 0.0029776103, 0.0039749644, 0.0038586303, 0.009314215, 0.008158869
879, 0.0031974546, 5.30306E-4, 0.0048324964, 0.0057192, 0.008821702, 0.006451674, 0.006791027
880, 0.0018658018, 0.005120177, 0.0025563245, 4.6309437E-5, 0.008341688, 0.0074097426, 0.004147907
881, 0.008458548, 0.0050100754, 0.0038380297, 9.813077E-4, 0.0056003225, 0.007853261, 0.006749412
882, 0.006955841, 0.0014897112, 0.0021213791, 0.008505145, 1.5684996E-4, 0.007824974, 0.0021340384
883, 0.007227942, 0.0015309239, 0.0018248584, 0.005067914, 0.005099472, 0.0070912926, 0.007968041
884, 0.005955931, 0.005559959, 0.0042237556, 0.0076771933, 0.005078765, 0.0060422677, 0.0073998594
885, 0.00930757, 0.0069469763, 0.0097185625, 0.0024028465, 0.004677023, 0.0021521372, 0.0031458393
886, 0.0010332359, 0.0038137569, 0.009507935, 0.0066673076, 1.8472178E-4, 0.0066001085, 0.0061072675
887, 9.5984444E-4, 1.6740256E-4, 0.008555098, 0.0071889665, 0.0062133987, 0.0072041852, 0.008125432
888, 0.0060378243, 8.646296E-5, 0.004137535, 0.0045441063, 0.0065342104, 0.0068024173, 0.0015575619
889, 0.008567699, 0.0074246163, 0.0025347532, 0.0087987855, 0.0032179188, 0.007902068, 0.0015748899
890, 5.5171864E-4, 0.008029882, 0.008665403, 0.0036845068, 1.9675706E-4, 0.008249108, 0.0012690051
891, 0.0055050026, 0.005391692, 0.009921116, 0.0012796457, 0.007929911, 0.0049304776, 0.0028819984
892, 0.0075246925, 0.006941792, 0.008439722, 0.0062852767, 5.4598495E-4, 0.0075733364, 0.0020907002
893, 0.0054898183, 0.008266286, 0.009373105, 0.0041785105, 0.004885525, 0.00583028, 0.0070395526
894, 0.004156325, 0.008547978, 0.00959967, 0.0017326551, 0.007511516, 0.009490153, 0.002362009
895, 0.0069807004, 0.0067317677, 0.008718806, 0.007955468, 0.008070478, 0.0055330996, 0.007305037
896, 0.008716841, 0.0053423154, 0.009508083, 0.008243048, 0.008427635, 0.009907111, 0.0014013252
897, 0.009998006, 0.006763206, 0.0049607274, 0.0033306533, 3.3343365E-4, 0.00864245, 0.007091787
898, 0.0014462414, 0.007260443, 0.00333066, 0.009762144, 7.5625884E-4, 0.0037656408, 0.0036657143
899, 0.0054849833, 0.0091464445, 0.004351433, 0.0053578676, 0.0041337293, 0.00998234, 0.004361953
900, 0.009955967, 0.0022856153, 0.0021067422, 0.0075697615, 0.0027780093, 0.0025369988, 0.0045312643
901, 0.003562932, 0.008871538, 0.0023231986, 6.6972635E-4, 0.004099089, 0.005899431, 0.0089338245
902, 0.0035724114, 0.006782416, 0.0027392472, 0.0011352906, 0.009294072, 0.005171601, 0.006539341
903, 0.008095388, 2.6488543E-4, 0.006741154, 0.0089925565, 0.0031505192, 0.0043323734, 0.0039954563
904, 0.004668377, 0.003364369, 0.0080036735, 0.009474394, 3.869957E-4, 0.0057975193, 0.00434132
905, 0.0023913376, 0.0048238416, 0.007940701, 0.0069520595, 0.0032087262, 0.0018006723, 0.0028600825
906, 0.0015570481, 0.0025834246, 0.009049437, 0.009261198, 0.0057430957, 0.0028035126, 0.006627674
907, 0.0028988349, 0.005668452, 0.0030900969, 0.005619295, 0.008543363, 0.0057329694, 0.004952193
908, 0.008272183, 0.0010597564, 0.0035212915, 1.5968153E-4, 0.0053041195, 6.369096E-5, 0.007689051
909, 0.0018387979, 0.004751106, 0.005089855, 8.8589214E-4, 0.008696556, 0.009437264, 0.0072407927
910, 0.0032954495, 0.0034449752, 0.00691304, 0.008880304, 0.004921258, 0.009122921, 0.006538539
911, 0.0050936295, 0.0063588857, 0.0012028348, 0.003281385, 0.009357358, 0.008468411, 0.009121556
912, 0.0067535792, 0.0011451856, 0.0010976987, 0.008188939, 0.007029413, 0.005041364, 0.009805759
913, 0.0017048633, 0.0058665676, 0.00934189, 0.0073967874, 0.003554738, 0.003095105, 0.0070941676
914, 0.0039993254, 0.003555525, 0.0031441427, 0.004059097, 0.005411315, 0.0013887696, 0.0059435763
915, 0.0061752433, 0.0044806227, 8.407785E-5, 0.009768291, 0.0037629344, 0.004401973, 0.006705935
916, 9.848932E-4, 9.268476E-4, 0.0059850165, 0.006148714, 0.007116044, 0.0063988445, 0.0031846336
917, 0.0037591623, 0.0051550996, 0.0064085172, 0.002483362, 0.0038826342, 0.006643785, 0.001077115
918, 0.0020771867, 0.0043687657, 0.004668263, 0.0033012158, 0.0062397514, 0.001574249, 0.005633988
919, 0.0031257223, 0.008726385, 0.0064648255, 4.4735472E-4, 0.0012014506, 0.0066281594, 4.5554993E-5
920, 0.0055621937, 0.0020807975, 0.0026975116, 0.0055378857, 0.004241775, 0.0018256649, 0.009840826
921, 0.00547399, 0.002342035, 0.0046850257, 0.0062096626, 0.004193295, 9.3933544E-4, 4.4522318E-4
922, 0.0031211625, 1.03082246E-4, 2.0613143E-4, 0.007464292, 8.994927E-4, 0.007504492, 0.005080513
923, 0.0063722976, 0.009654016, 0.004787207, 0.0034806551, 0.00595289, 0.0029961974, 0.0043605613
924, 0.002082788, 0.005816973, 0.00274609, 0.00981576, 0.0030113908, 1.3759745E-4, 0.0017905736
925, 0.007503355, 0.0071828724, 0.002935876, 4.293399E-4, 0.0029620663, 0.0064990935, 0.008190941
926, 0.008780955, 0.0074495105, 0.007604655, 0.00739265, 0.0041201543, 0.0062023276, 0.004501964
927, 0.0030639577, 0.007378844, 0.007992664, 0.0059606577, 0.009250579, 0.0074671363, 0.0050499304
928, 0.006363048, 0.009008761, 0.005557041, 0.0034811767, 0.005394832, 0.0045176824, 0.0040202932
929, 0.006950422, 0.0028203782, 0.0076012337, 0.006323102, 5.666881E-4, 0.009474497, 0.007164579
930, 0.0048544533, 0.0076824683, 0.004557662, 0.005334158, 0.0034009144, 0.009618805, 0.0023392371
931, 0.005935455, 0.009779716, 0.007210101, 0.008453342, 0.007351083, 0.002003226, 0.003501244
932, 0.007114568, 0.0067724227, 0.00827175, 0.008931581, 0.0057858247, 0.0043912632, 0.0070779193
933, 0.0039047312, 0.00309819, 0.004173603, 0.008754759, 0.00877017, 0.009152705, 0.0025159577
934, 0.0039108624, 0.007931983, 0.0047266325, 0.0073052323, 0.0073699113, 0.0030521394, 0.007361788
935, 0.0076864245, 0.008468129, 1.3007088E-4, 0.0078301085, 0.009188113, 0.009862062, 0.0066173244
936, 5.1729166E-5, 0.009763906, 0.007360423, 0.007665486, 0.00118339, 0.009778715, 0.0027175723
937, 0.0051075304, 0.0063000964, 0.003001924, 0.0098124975, 0.008837221, 0.0038605137, 0.0062652417
938, 0.0021860418, 0.00787811, 0.0039766748, 0.0026011984, 0.0065203975, 0.007623171, 0.0014011374
939, 0.0063989824, 0.0023187601, 4.7802247E-4, 0.009099824, 0.009397501, 0.0027793294, 0.009455177
940, 0.0062963483, 0.003181244, 0.0056566973, 0.008143686, 0.0069536967, 0.0072527546, 0.0057649747
941, 0.0059180157, 8.017464E-4, 0.0017261932, 0.0027008445, 0.0042519365, 0.009224134, 2.1969323E-4
942, 0.008351058, 0.008567657, 0.0025856083, 0.0016199143, 0.008797712, 1.7740704E-4, 0.003911053
943, 0.009050392, 0.0043459805, 0.0045640916, 0.0062199486, 5.9599266E-4, 0.009572802, 0.0054996354
944, 0.0072751353, 0.009118985, 0.0025313378, 0.009314047, 0.0060222875, 0.007847941, 0.0085448725
945, 5.218333E-6, 0.009576627, 0.004328879, 0.009385125, 0.0038189082, 0.008255939, 0.007798778
946, 0.0030537918, 0.0014303216, 0.008864069, 0.004074774, 0.0028724512, 0.006923146, 0.003196634
947, 0.007648073, 0.0071348087, 0.0053888587, 0.009570764, 0.002829809, 0.0021865664, 0.0051585734
948, 7.328558E-5, 0.00451677, 0.0024720468, 0.0064316504, 0.005176797, 0.004428142, 8.230234E-4
949, 0.005379738, 3.9071703E-4, 5.1009917E-4, 0.0010640324, 0.0016818796, 0.0066944165, 0.005613278
950, 2.0708723, 3.930619, 0.007642155, 0.0065188967, 3.9417596, 9.921525E-4, 3.917943
951, 1.9898437, 4.0202518, 2.2396406E-4, 0.0039193104, 4.008556, 0.0071182977, 3.946385
952, 1.9837035, 3.9070654, 0.0083227465, 0.0043705115, 4.06083, 0.009113494, 4.0240817
953, 1.9754399, 3.974831, 0.008751732, 0.0096572535, 4.0777507, 0.009416086, 3.9317272
954, 1.910749, 3.9525847, 0.0035331787, 8.855268E-4, 4.0795813, 0.008923792, 3.9194942
955, 2.045349, 3.9026716, 0.003963416, 0.0052796924, 3.9918804, 0.0055337125, 4.0246987
956, 1.9834641, 4.044908, 0.009859518, 0.0031250613, 3.9590368, 4.0153877E-4, 4.024676
957, 1.9556906, 3.9331686, 0.0020313477, 0.0010439472, 3.976951, 0.0045682658, 4.024298
958, 1.9503635, 3.9953547, 0.0037777082, 0.0044703544, 4.0349293, 0.0068255053, 3.9587717
959, 1.96258, 3.9524295, 0.007855882, 0.008094031, 3.9141917, 0.004171169, 3.907161
960, 0.00659328, 0.0071850982, 0.0062417095, 6.390228E-4, 0.009314506, 0.0045879544, 0.00997464
961, 0.0038377848, 0.0032533691, 0.00668002, 0.006774156, 0.0012831333, 0.0013391249, 4.6983914E-4
962, 0.0071927425, 9.5828326E-4, 0.00880112, 0.0064396947, 9.965394E-4, 0.0036519277, 0.0013529644
963, 0.003733203, 0.00147834, 0.001480206, 0.005613377, 0.0060977302, 0.0013757134, 0.0040526846
964, 8.25307E-4, 0.0077042556, 0.0021755544, 0.009476267, 0.0036399749, 0.0070004957, 0.0020727054
965, 0.008455379, 0.004500088, 0.0023488258, 3.9911462E-4, 0.0023737645, 0.004986538, 0.005358718
966, 0.007951326, 4.326408E-4, 3.8549132E-4, 0.0065441355, 0.0033179275, 0.006671946, 6.878282E-4
967, 0.0032195146, 0.005044905, 0.005015852, 0.006250505, 0.0013936702, 0.008275686, 0.009360664
968, 0.0014294542, 0.0018291746, 0.0023639735, 0.0061626933, 6.362418E-4, 0.0054054456, 0.002881322
969, 0.008985639, 0.0064757634, 0.004456996, 0.007427697, 0.008031452, 0.008889849, 0.0048539964
970, 0.00970213, 0.0028056437, 0.0075617186, 0.008250499, 4.018797E-4, 0.0027574073, 0.0072288094
971, 0.00514639, 0.0066923504, 0.008986918, 0.007006578, 0.0071923193, 0.0042263446, 0.009926602
972, 3.434525E-4, 0.0015125811, 0.006990052, 0.0052801264, 0.0018071905, 7.2910334E-4, 6.145107E-4
973, 0.0054423166, 5.4548384E-4, 0.009840421, 0.004215103, 0.008125168, 0.0079687135, 0.0051427092
974, 0.0043079695, 0.009979549, 0.008970352, 9.756349E-4, 0.0019010629, 0.008629168, 0.0018305769
975, 0.0072340327, 4.6888582E-4, 0.009722831, 0.0018412537, 0.0043070666, 0.008193787, 0.004362938
976, 0.007645493, 0.002389765, 0.00259302, 0.0045826724, 0.0073026065, 0.00895753, 0.00944958
977, 0.008421233, 0.003169332, 0.001602399, 8.2620146E-4, 0.0015859598, 8.307833E-4, 0.0034005549
978, 0.0088656815, 0.009692121, 0.007519677, 0.0045137955, 0.0030670494, 0.0036356177, 0.009729933
979, 0.0068233446, 0.008775931, 7.807671E-4, 0.008060864, 0.008052622, 0.0037387672, 0.006334844
980, 0.0097207, 0.008056273, 0.0077443942, 0.0025329432, 0.005573328, 0.0027359724, 0.0076128105
981, 0.0080712335, 0.009129646, 3.8921193E-4, 0.0060897786, 0.0066035953, 0.009465059, 0.0012054896
982, 0.008567254, 0.0010561027, 0.008687195, 0.0030950203, 0.0059734476, 1.5755164E-5, 0.0072829905
983, 0.006068292, 0.005662658, 0.0035143245, 0.0074419137, 0.0029804916, 0.0046838485, 0.008155127
984, 0.0052821175, 0.006613027, 0.0014182556, 0.005719992, 0.0077989334, 0.001785085, 0.00225016
985, 0.0051456518, 0.009310179, 0.006471353, 0.009671267, 0.0050732163, 0.005190331, 0.0077477456
986, 0.007017979, 0.0030513713, 0.007765695, 0.006795177, 0.0029021616, 0.007913376, 3.852825E-4
987, 0.002162127, 0.0053198524, 0.0038498924, 8.8718336E-4, 0.0020199427, 0.0014086643, 0.008264133
988, 0.0049477965, 0.0042405315, 0.0038734763, 6.2277255E-4, 0.003131367, 0.007784297, 0.009211343
989, 0.006205512, 0.0028498466, 1.06877145E-4, 0.0060403603, 0.0069081383, 0.007898183, 0.0030764393
990, 0.0040735663, 0.0010683859, 0.0037477086, 0.004239006, 0.0055777864, 0.0056608473, 0.0063604
991, 0.0011774652, 0.0015186539, 0.007146643, 0.0059293197, 0.004180646, 0.0040168604, 0.0017655034
992, 0.004655675, 0.0064720246, 0.005227038, 0.0021223796, 0.009440471, 0.0018433401, 2.994776E-4
993, 0.0045476453, 0.0061988346, 0.0066965986, 0.008696237, 8.994106E-4, 0.002397646, 0.0072186487
994, 0.0038070106, 0.009228414, 0.008372218, 0.002695711, 0.0055464595, 4.042234E-5, 0.005995313
995, 0.0028209505, 0.004413535, 0.008768014, 0.0053518824, 2.5638807E-4, 0.008354653, 5.030731E-4
996, 0.0062154955, 0.009681138, 0.005696401, 4.3283646E-5, 0.0013274824, 0.0010911778, 0.008399803
997, 0.008870356, 0.0027474184, 0.008211539, 0.00993697, 8.046805E-4, 8.7363896E-4, 0.0025400403
998, 0.0012023104, 0.0097705405, 0.008125053, 0.009762354, 0.0060443184, 0.0063580014, 0.005730615
999, 0.008061424, 0.0052402304, 0.004681997, 0.0025903713, 0.0071899476, 0.004034738, 0.0074161445
